QuantityX,Name,Edition,Foil,Condition,Price
1x,Teferi's Protection,Mystery Booster,,,£28.97
1x,"Zacama, Primal Calamity",Rivals of Ixalan,,,£27.89
1x,Archangel of Thune,Iconic Masters,,,£19.06
1x,Expropriate,Mystery Booster,,,£18.17
1x,Liliana of the Dark Realms,Magic 2014,,,£12.75
1x,Inkmoth Nexus,Mirrodin Besieged,,,£11.95
1x,"Heliod, Sun-Crowned",Theros Beyond Death,,,£11.12
1x,Fauna Shaman,Ultimate Masters,,,£9.96
1x,"Ajani, Mentor of Heroes",Journey into Nyx,,,£9.39
1x,Sliver Hivelord,Mystery Booster,,,£8.86
1x,"Erebos, God of the Dead",Theros,,,£8.77
1x,Asceticism,Mystery Booster,,,£7.83
1x,Godsend,Journey into Nyx,,,£7.25
1x,Swan Song,Theros,,,£7.17
1x,Kolaghan's Command,Mystery Booster,,,£7.17
1x,"Akiri, Line-Slinger",Commander 2016,Foil,,£7.13
1x,Stomping Ground,Ravnica Allegiance,,,£6.66
1x,Dictate of Erebos,Journey into Nyx,,,£6.40
1x,Dictate of Erebos,Mystery Booster,,,£6.38
1x,"Mogis, God of Slaughter",Born of the Gods,,,£6.38
1x,"Karametra, God of Harvests",Born of the Gods,,,£6.23
1x,Ulvenwald Hydra,Shadows over Innistrad,,,£6.13
1x,Cathars' Crusade,Avacyn Restored,,,£6.11
1x,Abrupt Decay,Modern Masters 2017,,,£5.80
1x,Cavalier of Thorns,Core Set 2020,,,£5.68
1x,Anguished Unmaking,Shadows over Innistrad,,,£5.59
1x,"Keranos, God of Storms",Journey into Nyx,,,£5.58
1x,"Sorin, Grim Nemesis",Shadows over Innistrad,,,£5.57
1x,Agent of Treachery,Core Set 2020,,,£5.40
1x,Oketra the True,Amonkhet,,,£5.28
1x,Sorin Markov,Mystery Booster,,,£5.24
1x,"Klothys, God of Destiny",Theros Beyond Death,,,£5.20
1x,Shadowspear,Theros Beyond Death,,,£4.97
1x,Robber of the Rich,Throne of Eldraine,,,£4.78
1x,Caged Sun,Mystery Booster,,,£4.74
1x,"Baral, Chief of Compliance",Aether Revolt,,,£4.68
1x,Quicken,Guildpact,Foil,,£4.63
1x,Collective Brutality,Mystery Booster,,,£4.60
1x,Temporal Mastery,Mystery Booster,,,£4.56
1x,Tireless Tracker,Mystery Booster,,,£4.56
1x,Dig Through Time,Ultimate Masters,,,£4.38
1x,Black Market,Mystery Booster,,,£4.38
1x,Dragon Broodmother,Mystery Booster,,,£4.34
1x,Zendikar Resurgent,Oath of the Gatewatch,,,£4.29
2x,Thassa's Oracle,Theros Beyond Death,,,£4.21
1x,"Godo, Bandit Warlord",Commander 2016,,,£4.20
1x,Sword of the Animist,Mystery Booster,,,£4.18
2x,"Sram, Senior Edificer",Aether Revolt,,,£4.14
2x,Silence,Magic 2014,,,£4.06
1x,Angelic Guardian,Core Set 2020,,,£4.04
1x,All Is Dust,Mystery Booster,,,£3.99
1x,Deathrite Shaman,Return to Ravnica,,,£3.99
1x,Finale of Revelation,War of the Spark,,,£3.99
1x,"Nicol Bolas, Planeswalker",Magic 2013,,,£3.99
1x,Meddling Mage,Mystery Booster,,,£3.98
1x,"Heliod, God of the Sun",Theros,,,£3.79
1x,Pack Rat,Return to Ravnica,,,£3.71
3x,Syphon Sliver,Magic 2014,,,£3.67
1x,Ezuri's Predation,Commander 2015,,,£3.62
2x,Dolmen Gate,Mystery Booster,,,£3.59
2x,Temporal Trespass,Fate Reforged,,,£3.59
1x,Silence,Magic 2011,,,£3.55
1x,Solemn Simulacrum,Mystery Booster,,,£3.28
1x,Ajani Unyielding,Aether Revolt,Foil,,£3.21
1x,Idyllic Tutor,Theros Beyond Death,,,£3.19
1x,Utvara Hellkite,Return to Ravnica,,,£3.15
1x,Through the Breach,Ultimate Masters,,,£3.07
1x,The Haunt of Hightower,Ravnica Allegiance,Foil,,£3.01
1x,Bedlam Reveler,Eldritch Moon,,,£2.99
1x,Woodland Bellower,Magic Origins,,,£2.99
1x,"Krenko, Mob Boss",Mystery Booster,,,£2.97
1x,Horn of Greed,Conspiracy: Take the Crown,,,£2.96
1x,Chasm Skulker,Mystery Booster,,,£2.89
2x,Dreadbore,Return to Ravnica,,,£2.89
1x,"Yuriko, the Tiger's Shadow",Mystery Booster,,,£2.87
1x,Startled Awake,Shadows over Innistrad,Foil,,£2.86
2x,Cryptbreaker,Eldritch Moon,,,£2.85
1x,"Thrun, the Last Troll",Mystery Booster,,,£2.84
1x,Malicious Affliction,Eternal Masters,Foil,,£2.83
1x,Thespian's Stage,Gatecrash,,,£2.81
2x,Eldritch Evolution,Eldritch Moon,,,£2.80
3x,Eldrazi Displacer,Oath of the Gatewatch,,,£2.79
1x,Altar of the Brood,Khans of Tarkir,,,£2.77
1x,Arlinn Kord,Shadows over Innistrad,,,£2.70
3x,Seasons Past,Shadows over Innistrad,,,£2.70
1x,Ogre Slumlord,Gatecrash,,,£2.69
1x,"Athreos, Shroud-Veiled",Theros Beyond Death,,,£2.65
1x,Sepulchral Primordial,Gatecrash,,,£2.63
1x,Grim Lavamancer,Premium Deck Series: Fire and Lightning,Foil,,£2.60
1x,"Kiora, Master of the Depths",Battle for Zendikar,,,£2.57
1x,"Melira, Sylvok Outcast",New Phyrexia,,,£2.57
1x,Steel Overseer,Magic 2011,,,£2.53
1x,"Elspeth, Sun's Nemesis",Theros Beyond Death,,,£2.51
1x,Nadir Kraken,Theros Beyond Death,,,£2.47
1x,Time Sieve,Mystery Booster,,,£2.46
2x,Fiendslayer Paladin,Archenemy: Nicol Bolas,,,£2.42
1x,Pithing Needle,Return to Ravnica,,,£2.42
1x,Eldritch Evolution,Mystery Booster,,,£2.39
1x,Joiner Adept,Tenth Edition,,,£2.39
1x,"Chandra, Fire of Kaladesh",Magic Origins,,,£2.38
1x,Gilt-Leaf Palace,Mystery Booster,,,£2.34
1x,Ox of Agonas,Theros Beyond Death,,,£2.31
3x,Secure the Wastes,Dragons of Tarkir,,,£2.26
1x,Revel in Riches,Mystery Booster,,,£2.22
1x,"Nissa, Voice of Zendikar",Mystery Booster,,,£2.22
1x,Murderous Rider // Swift End,Throne of Eldraine,,,£2.21
1x,"Polukranos, Unchained",Theros Beyond Death,,,£2.21
1x,Crush of Tentacles,Oath of the Gatewatch,Foil,,£2.18
2x,Hanweir Garrison,Eldritch Moon,,,£2.11
1x,Knight of the White Orchid,Commander 2020,,,£2.10
1x,Biogenic Ooze,Ravnica Allegiance,,,£2.03
3x,Day of Judgment,Magic 2012,,,£2.03
1x,"Ishkanah, Grafwidow",Eldritch Moon,,,£2.03
1x,Temple of Deceit,Theros,,,£1.98
2x,Hydra Broodmaster,Journey into Nyx,,,£1.95
1x,"Rakdos, Lord of Riots",Return to Ravnica,,,£1.92
3x,"Lazav, Dimir Mastermind",Gatecrash,,,£1.89
2x,Thalia's Lieutenant,Shadows over Innistrad,,,£1.87
2x,"Chandra, Flamecaller",Oath of the Gatewatch,,,£1.87
2x,Temple of Enlightenment,Born of the Gods,,,£1.79
1x,Grave Betrayal,Return to Ravnica,,,£1.75
1x,"Darien, King of Kjeldor",Coldsnap,,,£1.75
1x,"Emry, Lurker of the Loch",Throne of Eldraine,,,£1.74
1x,Oblivion Sower,Battle for Zendikar,,,£1.73
3x,Abbot of Keral Keep,Magic Origins,,,£1.71
1x,Kher Keep,Time Spiral,,,£1.71
1x,Anger of the Gods,Theros,,,£1.70
2x,Ball Lightning,Magic 2010,,,£1.68
1x,"Chandra, the Firebrand",Magic 2013,,,£1.67
1x,Legion's Initiative,Dragon's Maze,,,£1.63
1x,"Ayara, First of Locthwain",Throne of Eldraine,,,£1.59
2x,Thorncaster Sliver,Magic 2014,,,£1.59
1x,Shatter the Sky,Theros Beyond Death,Foil,,£1.59
1x,Sphinx of Foresight,Ravnica Allegiance,Foil,,£1.59
2x,Dark Prophecy,Magic 2014,,,£1.58
1x,Ugin's Nexus,Khans of Tarkir,,,£1.57
1x,"Bruna, the Fading Light",Eldritch Moon,,,£1.55
1x,Sword of the Paruns,Commander 2013,,,£1.55
1x,Elspeth Conquers Death,Theros Beyond Death,,,£1.55
1x,Kiora Bests the Sea God,Theros Beyond Death,,,£1.52
1x,Leyline of Singularity,Guildpact,,,£1.52
1x,Temple of Silence,Theros,,,£1.51
2x,"Domri, Chaos Bringer",Ravnica Allegiance,,,£1.51
1x,Icon of Ancestry,Core Set 2020,,,£1.47
1x,Mirrorwing Dragon,Eldritch Moon,,,£1.47
1x,Chromanticore,Born of the Gods,,,£1.42
3x,Part the Waterveil,Battle for Zendikar,,,£1.42
1x,Decimator of the Provinces,Eldritch Moon,,,£1.39
1x,Heliod's Intervention,Theros Beyond Death,,,£1.39
1x,Vela the Night-Clad,Planechase 2012,,,£1.39
1x,Fervor,Magic 2013,,,£1.36
1x,Nemesis of Reason,Mystery Booster,,,£1.36
1x,Stoneforge Masterwork,Oath of the Gatewatch,,,£1.36
1x,Magus of the Moat,Mystery Booster,,,£1.35
1x,Undergrowth Champion,Battle for Zendikar,,,£1.32
1x,Demonic Pact,Magic Origins,,,£1.29
1x,Abundance,Commander 2017,,,£1.28
3x,Oath of Nissa,Oath of the Gatewatch,,,£1.27
1x,Temple of Mystery,Theros,,,£1.26
1x,Disciple of Bolas,Commander 2014,,,£1.25
2x,Gate to the Aether,Mirrodin,,,£1.24
1x,Ramunap Ruins,Hour of Devastation,,,£1.21
1x,"Chandra, Acolyte of Flame",Core Set 2020,,,£1.20
1x,Greenwarden of Murasa,Battle for Zendikar,,,£1.20
1x,Ob Nixilis Reignited,Battle for Zendikar,,,£1.20
2x,Setessan Champion,Theros Beyond Death,,,£1.20
2x,Timesifter,Mirrodin,,,£1.19
1x,Cindervines,Ravnica Allegiance,,,£1.18
1x,Arcanis the Omnipotent,Onslaught,,,£1.16
1x,"Domri, Anarch of Bolas",War of the Spark,,,£1.15
1x,"Jarad, Golgari Lich Lord",GRN Guild Kit,,,£1.14
1x,Trash for Treasure,Commander 2016,,,£1.12
1x,In Garruk's Wake,Commander 2016,Foil,,£1.12
1x,Star of Extinction,Mystery Booster,,,£1.12
1x,Vorel of the Hull Clade,Commander Anthology Volume II,,,£1.11
1x,"Daretti, Scrap Savant",Mystery Booster,,,£1.10
1x,Diluvian Primordial,Gatecrash,,,£1.10
1x,Hooded Hydra,Khans of Tarkir,,,£1.10
1x,Spear of Heliod,Theros,,,£1.10
2x,"Obzedat, Ghost Council",Gatecrash,,,£1.05
1x,Jeskai Ascendancy,Khans of Tarkir,,,£1.04
1x,Geier Reach Sanitarium,Eldritch Moon,,,£1.04
1x,Ratchet Bomb,Scars of Mirrodin,,,£1.04
1x,Thragtusk,Magic 2013,,,£1.04
1x,Undead Alchemist,Innistrad,,,£1.04
1x,In Garruk's Wake,Magic 2015,,,£1.02
1x,"Chandra, Flamecaller",Commander 2020,Foil,,£1.00
1x,Dragonstorm,Modern Masters,,,£1.00
1x,Inferno Titan,Commander 2013,,,£1.00
1x,Narwhal,Homelands,,,£1.00
1x,Simic Ascendancy,Ravnica Allegiance,,,£1.00
1x,Ulvenwald Tracker,Avacyn Restored,,,£1.00
1x,Cauldron of Souls,Mystery Booster,,,£0.96
1x,Nullhide Ferox,Guilds of Ravnica,,,£0.96
1x,Languish,Magic Origins,,,£0.96
3x,Crush of Tentacles,Oath of the Gatewatch,,,£0.95
2x,Deploy the Gatewatch,Eldritch Moon,,,£0.95
2x,Dictate of Kruphix,Commander 2018,,,£0.94
1x,Mirran Crusader,Mystery Booster,,,£0.93
1x,Nath of the Gilt-Leaf,Commander 2016,,,£0.92
1x,Yahenni's Expertise,Aether Revolt,Foil,,£0.92
1x,Temple of Plenty,Theros Beyond Death,,,£0.91
1x,Herald of Anguish,Aether Revolt,,,£0.90
1x,"Varina, Lich Queen",Commander 2018,Foil,,£0.90
2x,Kaya's Wrath,Ravnica Allegiance,,,£0.88
1x,"Odric, Master Tactician",Archenemy: Nicol Bolas,,,£0.88
1x,Risky Move,Onslaught,,,£0.88
1x,Woe Strider,Theros Beyond Death,,,£0.87
1x,Felidar Sovereign,Battle for Zendikar,,,£0.86
2x,Demonlord Belzenlok,Dominaria,,,£0.84
1x,Taurean Mauler,Mystery Booster,,,£0.84
1x,Silent-Blade Oni,Commander 2018,,,£0.84
1x,Eidolon of Countless Battles,Born of the Gods,,,£0.83
1x,"Jace, Architect of Thought",Commander 2020,,,£0.83
1x,Liliana's Reaver,Commander 2014,,,£0.81
2x,Banefire,Duel Decks: Speed vs. Cunning,,,£0.80
1x,Flood of Tears,Core Set 2020,,,£0.80
2x,Rattlechains,Shadows over Innistrad,,,£0.80
4x,Resolute Archangel,Magic 2015,,,£0.80
1x,"Vorosh, the Hunter",Commander 2011,,,£0.80
2x,"Baru, Fist of Krosa",Future Sight,,,£0.79
1x,Liliana's Reaver,Magic 2014,,,£0.79
1x,Memory Erosion,Mystery Booster,,,£0.79
1x,Mayael the Anima,Commander 2013,,,£0.78
1x,Gideon Jura,Mystery Booster,,,£0.77
1x,Wit's End,Dissension,Foil,,£0.77
1x,Always Watching,Shadows over Innistrad,,,£0.77
2x,Obstinate Baloth,Iconic Masters,,,£0.77
1x,Cruel Reality,Amonkhet,,,£0.76
1x,Perplexing Chimera,Born of the Gods,,,£0.76
1x,Quicksilver Gargantuan,Scars of Mirrodin,,,£0.76
2x,"Sigarda, Heron's Grace",Shadows over Innistrad,,,£0.75
1x,"Skysovereign, Consul Flagship",Kaladesh,,,£0.75
1x,Steamflogger Boss,Future Sight,,,£0.75
1x,Deadbridge Chant,Commander 2020,,,£0.74
1x,Flamewake Phoenix,Fate Reforged,,,£0.74
1x,"Odric, Lunarch Marshal",Mystery Booster,,,£0.74
1x,Avaricious Dragon,Magic Origins,,,£0.73
1x,Aminatou's Augury,Mystery Booster,,,£0.73
4x,The Great Aurora,Magic Origins,,,£0.73
1x,Always Watching,Game Night,,,£0.72
1x,"Ryusei, the Falling Star",Iconic Masters,,,£0.72
1x,Treacherous Blessing,Theros Beyond Death,Foil,,£0.72
2x,Vorel of the Hull Clade,Dragon's Maze,,,£0.72
1x,Field of Ruin,Ixalan,,,£0.71
1x,Hornet Nest,Mystery Booster,,,£0.71
1x,Oath of Teferi,Dominaria,,,£0.71
1x,"Talrand, Sky Summoner",Commander 2015,,,£0.69
2x,Behold the Beyond,Shadows over Innistrad,,,£0.68
1x,Brass's Bounty,Rivals of Ixalan Promos,Foil,,£0.68
1x,Spiteful Sliver,Modern Horizons,,,£0.68
1x,Hanweir Militia Captain,Shadows over Innistrad,,,£0.65
1x,Master of the Feast,Journey into Nyx,,,£0.65
1x,Angelic Skirmisher,Resale Promos,Foil,,£0.65
1x,Gild,Born of the Gods,Foil,,£0.65
1x,Bone Dragon,Core Set 2019,,,£0.63
1x,Omen Machine,New Phyrexia,,,£0.63
3x,Soul of Theros,Magic 2015,,,£0.63
1x,Castle Embereth,Throne of Eldraine,,,£0.62
1x,Chief Engineer,Magic 2015,,,£0.62
1x,"Unesh, Criosphinx Sovereign",Hour of Devastation,,,£0.62
1x,Shamanic Revelation,Mystery Booster,,,£0.61
1x,"Kunoros, Hound of Athreos",Theros Beyond Death,,,£0.61
1x,Phyrexian Soulgorger,Mystery Booster,,,£0.61
1x,Shaman of the Great Hunt,Fate Reforged,,,£0.61
1x,Warden of the First Tree,Fate Reforged,,,£0.61
1x,Angelic Skirmisher,Gatecrash,,,£0.60
3x,"Avacyn, Guardian Angel",Magic 2015,,,£0.60
1x,"Braids, Cabal Minion",Odyssey,,,£0.60
1x,Gonti's Aether Heart,Aether Revolt,,,£0.60
1x,Growth-Chamber Guardian,Ravnica Allegiance,,,£0.60
1x,Intrepid Hero,Magic 2013,,,£0.60
1x,Mouth of Ronom,Coldsnap,,,£0.60
3x,Spirit of the Labyrinth,Born of the Gods,,,£0.60
1x,Witchstalker,Magic 2014,,,£0.60
1x,Descent into Madness,Avacyn Restored,,,£0.59
1x,Desecration Demon,Duel Decks: Nissa vs. Ob Nixilis,,,£0.59
2x,General Tazri,Oath of the Gatewatch,,,£0.59
1x,Quarantine Field,Battle for Zendikar,,,£0.59
1x,Counterflux,Return to Ravnica,,,£0.58
1x,Draco,Mystery Booster,,,£0.57
1x,"Jugan, the Rising Star",Iconic Masters,,,£0.57
1x,Mindwrack Demon,Shadows over Innistrad,,,£0.57
1x,Chain Reaction,Commander 2015,,,£0.57
2x,Collective Defiance,Eldritch Moon,,,£0.57
1x,Dictate of the Twin Gods,Journey into Nyx Promos,Foil,,£0.57
1x,Goldnight Castigator,Shadows over Innistrad,,,£0.57
1x,Goliath Sphinx,Worldwake,Foil,,£0.57
4x,Mass Calcify,Magic 2015,,,£0.57
1x,Nylea's Intervention,Theros Beyond Death,,,£0.57
1x,Corpsejack Menace,Commander Anthology Volume II,,,£0.56
1x,Hedron Matrix,Rise of the Eldrazi,,,£0.56
1x,"Jodah, Archmage Eternal",Dominaria,,,£0.56
1x,Erebos's Titan,Magic Origins,,,£0.55
1x,"Judith, the Scourge Diva",Ravnica Allegiance,,,£0.55
1x,"Stonebrow, Krosan Hero",Time Spiral,,,£0.55
2x,Whelming Wave,Born of the Gods,,,£0.55
1x,Angler Turtle,M19 Gift Pack,Foil,,£0.54
1x,Lightning Runner,Aether Revolt,,,£0.54
1x,Lotleth Troll,Return to Ravnica,,,£0.54
1x,Vengeant Vampire,M19 Gift Pack,Foil,,£0.54
1x,Golden Guardian,Rivals of Ixalan,,,£0.53
1x,Guided Passage,Mystery Booster,,,£0.53
1x,Ogre Battledriver,Duel Decks: Speed vs. Cunning,,,£0.53
1x,Rampaging Baloths,Commander 2018,,,£0.53
1x,Dragon Mage,Commander 2015,,,£0.52
1x,Rogue's Passage,Return to Ravnica,,,£0.52
4x,Seraph of the Sword,Magic 2014,,,£0.52
1x,Sphinx of Jwar Isle,Zendikar,Foil,,£0.52
2x,Squirrel Wrangler,Mystery Booster,,,£0.52
1x,Windreader Sphinx,Magic 2014,,,£0.52
1x,"Nefarox, Overlord of Grixis",Magic 2013,,,£0.51
1x,Sewer Nemesis,Mystery Booster,,,£0.51
1x,Outpost Siege,Commander 2017,,,£0.50
2x,Vona's Hunger,Rivals of Ixalan,,,£0.50
1x,Fate Unraveler,Born of the Gods,,,£0.49
1x,Mirari,Commander 2013,,,£0.49
1x,Storm's Wrath,Theros Beyond Death,,,£0.49
4x,Bomat Courier,Kaladesh,,,£0.49
2x,Boneyard Parley,Ixalan,,,£0.49
1x,Boros Reckoner,Mystery Booster,,,£0.48
1x,Descend upon the Sinful,Commander 2020,,,£0.48
3x,Satyr Firedancer,Born of the Gods,,,£0.47
1x,Savage Summoning,Magic 2014,,,£0.47
1x,Fae of Wishes // Granted,Throne of Eldraine,,,£0.46
1x,Flame-Wreathed Phoenix,Born of the Gods,,,£0.46
1x,Plea for Guidance,Born of the Gods,,,£0.46
1x,Treasury Thrull,Gatecrash,Foil,,£0.46
1x,Geralf's Masterpiece,Shadows over Innistrad,,,£0.45
1x,Indulgent Tormentor,Magic 2015,,,£0.45
1x,Captivating Crew,Game Night,,,£0.45
1x,Whispering Madness,Gatecrash,,,£0.45
1x,Blue Elemental Blast,Signature Spellbook: Jace,,,£0.44
1x,Earthquake,Commander 2011,,,£0.44
1x,Mizzium Mortars,GRN Guild Kit,,,£0.44
1x,Preeminent Captain,Magic 2015,,,£0.44
1x,Liliana's Contract,Core Set 2019,,,£0.43
1x,Burning Earth,Magic 2014,,,£0.42
1x,Displacement Wave,Magic Origins,,,£0.41
1x,Eat to Extinction,Theros Beyond Death,,,£0.41
3x,Hero of Iroas,Born of the Gods,,,£0.41
1x,Hypnotic Specter,Mystery Booster,,,£0.41
1x,Requiem Angel,Dark Ascension,,,£0.41
1x,Wild Ricochet,Magic 2014,,,£0.41
1x,Bishop of Rebirth,Ixalan Promos,Foil,,£0.41
3x,Eidolon of Blossoms,Journey into Nyx,,,£0.41
1x,Leyline of Combustion,Core Set 2020,,,£0.41
1x,Quicken,Magic 2014,,,£0.41
1x,The Antiquities War,Dominaria,,,£0.41
2x,Abhorrent Overlord,Theros,,,£0.40
1x,"Aryel, Knight of Windgrace",Dominaria,,,£0.40
1x,"Ayula, Queen Among Bears",Modern Horizons,,,£0.40
1x,Bronzehide Lion,Theros Beyond Death,,,£0.40
1x,Champion of Stray Souls,Commander 2019,Foil,,£0.40
1x,Coveted Jewel,Mystery Booster,,,£0.40
1x,Creepy Doll,Innistrad,,,£0.40
1x,Curse of Death's Hold,Innistrad,,,£0.40
1x,Experimental Frenzy,Guilds of Ravnica,,,£0.40
1x,Garruk's Horde,Magic 2012 Promos,Foil,,£0.40
1x,Grand Warlord Radha,Dominaria,,,£0.40
1x,Hum of the Radix,Mirrodin,,,£0.40
1x,Hushwing Gryff,Magic 2015,,,£0.40
1x,Immortal Phoenix,M19 Gift Pack,Foil,,£0.40
1x,Labyrinth of Skophos,Theros Beyond Death,,,£0.40
1x,"Melek, Izzet Paragon",Dragon's Maze,,,£0.40
1x,Nighthowler,Commander 2015,,,£0.40
1x,Oracle of Nectars,Mystery Booster,,,£0.40
1x,"Oros, the Avenger",Commander 2011,,,£0.40
2x,Putrefax,Scars of Mirrodin,,,£0.40
1x,Renegade Krasis,Dragon's Maze,,,£0.40
1x,Scrapyard Recombiner,Modern Horizons,,,£0.40
1x,Serra's Guardian,Core Set 2019,,,£0.40
1x,Silent Gravestone,Rivals of Ixalan,,,£0.40
1x,Sin Prodder,Shadows over Innistrad,,,£0.40
1x,Splinterfright,Commander 2020,,,£0.40
1x,Theater of Horrors,Ravnica Allegiance,,,£0.40
4x,Tromokratis,Born of the Gods,,,£0.40
1x,Underworld Connections,Return to Ravnica,,,£0.40
1x,Wild Evocation,Magic 2011,,,£0.40
1x,"Alesha, Who Smiles at Death",Fate Reforged,,,£0.39
1x,Bygone Bishop,Shadows over Innistrad,,,£0.39
1x,"Drana, Kalastria Bloodchief",Mystery Booster,,,£0.39
2x,Hall of Triumph,Journey into Nyx,,,£0.39
1x,Imposing Sovereign,Magic 2014,,,£0.39
1x,Magus of the Mind,Commander 2017,,,£0.39
1x,Major Teroh,Torment,,,£0.39
1x,"Naban, Dean of Iteration",Dominaria,,,£0.39
1x,Null Profusion,Planar Chaos,,,£0.39
1x,Painful Truths,Commander 2017,,,£0.39
1x,Scrambleverse,Magic 2012,,,£0.39
1x,Tek,Invasion,,,£0.39
1x,"Teshar, Ancestor's Apostle",Dominaria,,,£0.39
2x,"Thryx, the Sudden Storm",Theros Beyond Death,,,£0.39
1x,"Traxos, Scourge of Kroog",Dominaria,,,£0.39
1x,Aetherling,Dragon's Maze,,,£0.38
1x,Chandra's Phoenix,Magic 2012,,,£0.38
1x,Chandra's Regulator,Core Set 2020 Promos,Foil,,£0.38
1x,Firemane Avenger,Gatecrash,,,£0.38
1x,Gravewaker,Core Set 2019,,,£0.38
1x,Grim Return,Magic 2014,,,£0.38
1x,Tectonic Giant,Theros Beyond Death,,,£0.38
1x,Treacherous Blessing,Theros Beyond Death,,,£0.38
3x,Vryn Wingmare,Magic Origins,,,£0.38
1x,Ever After,Shadows over Innistrad,,,£0.37
1x,Glass of the Guildpact,Ravnica Allegiance,,,£0.37
1x,Nikya of the Old Ways,Ravnica Allegiance,,,£0.37
1x,Planar Cleansing,Magic 2010,,,£0.37
1x,Deicide,Journey into Nyx,,,£0.37
1x,Elder Druid,Seventh Edition,,,£0.37
1x,Hypnotic Siren,Journey into Nyx,,,£0.37
1x,Isolate,Core Set 2019,,,£0.37
1x,Soldier of the Pantheon,Theros,,,£0.37
2x,"Atris, Oracle of Half-Truths",Theros Beyond Death,,,£0.36
1x,Blacklance Paragon,Throne of Eldraine,,,£0.36
1x,Eidolon of Obstruction,Theros Beyond Death,,,£0.36
1x,Goblin Charbelcher,Mystery Booster,,,£0.36
1x,"Kari Zev, Skyship Raider",Aether Revolt,,,£0.36
1x,"Torgaar, Famine Incarnate",Dominaria,,,£0.36
1x,Chandra's Regulator,Core Set 2020,,,£0.35
1x,Charmbreaker Devils,Commander 2015,,,£0.35
1x,Enigmatic Incarnation,Theros Beyond Death,,,£0.35
1x,Fathom Trawl,Lorwyn,,,£0.35
1x,Scuttling Doom Engine,Magic 2015,,,£0.35
1x,Skylasher,Dragon's Maze,,,£0.35
1x,Thran Lens,Urza's Legacy,,,£0.35
1x,Awaken the Ancient,Magic 2014,,,£0.34
1x,Confirm Suspicions,Shadows over Innistrad,,,£0.34
1x,"Nin, the Pain Artist",Mystery Booster,,,£0.34
1x,Honored Hydra,Amonkhet,,,£0.33
2x,Mana Bloom,Return to Ravnica,,,£0.33
1x,Mizzium Meddler,Magic Origins Promos,Foil,,£0.33
1x,Thalia's Lancers,Mystery Booster,,,£0.33
1x,Ancient Spider,Planeshift,,,£0.33
2x,Ashiok's Erasure,Theros Beyond Death,,,£0.33
1x,Myr Welder,Mirrodin Besieged,,,£0.33
1x,Nightmare,Magic 2010,,,£0.33
1x,Path of Bravery,Magic 2014,,,£0.33
1x,Trading Post,Mystery Booster,,,£0.33
1x,Violent Ultimatum,Mystery Booster,,,£0.33
1x,"Aphemia, the Cacophony",Theros Beyond Death,,,£0.32
1x,Awaken the Erstwhile,Ravnica Allegiance,,,£0.32
1x,Azor's Elocutors,Return to Ravnica,,,£0.32
1x,Chronosavant,Time Spiral,,,£0.32
1x,Darksteel Garrison,Mystery Booster,,,£0.32
1x,Devil's Play,Innistrad,,,£0.32
3x,Dictate of Heliod,Journey into Nyx,,,£0.32
1x,Fabled Hero,Theros,,,£0.32
1x,False Memories,Torment,,,£0.32
3x,Fated Infatuation,Born of the Gods,,,£0.32
2x,Gallia of the Endless Dance,Theros Beyond Death,,,£0.32
1x,Goring Ceratops,Ixalan,,,£0.32
1x,Heroes' Podium,Born of the Gods,,,£0.32
1x,Skyfire Phoenix,Commander 2019,,,£0.32
1x,Task Mage Assembly,Prophecy,,,£0.32
1x,Wine of Blood and Iron,Saviors of Kamigawa,,,£0.32
1x,Battlefield Thaumaturge,Journey into Nyx,,,£0.31
1x,Defender of the Order,Legions,,,£0.31
1x,Extortion,Mercadian Masques,,,£0.31
1x,Hoarding Dragon,Magic 2011,,,£0.31
1x,Infinite Hourglass,Ice Age,,,£0.31
1x,Nessian Wilds Ravager,Born of the Gods,,,£0.31
1x,Undying Flames,Saviors of Kamigawa,,,£0.31
1x,Extinguish All Hope,Journey into Nyx,,,£0.30
1x,Ghosts of the Innocent,Ravnica: City of Guilds,,,£0.30
1x,Graven Dominator,Guildpact,,,£0.30
1x,Memoricide,Scars of Mirrodin,,,£0.30
1x,Boon Satyr,Theros,,,£0.29
1x,Mindsparker,Magic 2014,,,£0.29
1x,Riddlemaster Sphinx,Core Set 2019,,,£0.29
1x,Rite of Belzenlok,Dominaria,,,£0.29
1x,"Alesha, Who Smiles at Death",Mystery Booster,,,£0.29
1x,Collapsing Borders,Invasion,,,£0.29
2x,Despoiler of Souls,Magic Origins,,,£0.29
2x,Gruul Ragebeast,Gatecrash,,,£0.29
1x,Howl of the Horde,Khans of Tarkir,,,£0.29
1x,Sage of Ancient Lore,Shadows over Innistrad,,,£0.29
1x,Conundrum Sphinx,Commander 2011,,,£0.28
3x,Eater of Hope,Born of the Gods,,,£0.28
1x,Ezuri's Brigade,Scars of Mirrodin,,,£0.28
1x,Fraying Omnipotence,Core Set 2019,,,£0.28
1x,Hellion Crucible,Magic 2013,,,£0.28
1x,High Priest of Penance,Commander 2018,,,£0.28
1x,Kuldotha Phoenix,Scars of Mirrodin,,,£0.28
1x,Laccolith Titan,Nemesis,,,£0.28
1x,Luminate Primordial,Gatecrash,,,£0.28
1x,Martial Law,Return to Ravnica,,,£0.28
1x,Mishra's Self-Replicator,Dominaria,,,£0.28
1x,Pain Seer,Born of the Gods,,,£0.28
1x,Planar Cleansing,Core Set 2020,,,£0.28
1x,Precursor Golem,Mystery Booster,,,£0.28
1x,Prognostic Sphinx,Theros,,,£0.28
1x,Signal the Clans,Gatecrash,,,£0.28
1x,Sudden Demise,Mystery Booster,,,£0.28
1x,Trained Orgg,Seventh Edition,,,£0.28
2x,Vivien's Invocation,Core Set 2019,,,£0.28
2x,Waker of the Wilds,Ixalan,,,£0.28
1x,Xathrid Gorgon,Magic 2013,,,£0.28
1x,Abzan Ascendancy,Khans of Tarkir,,,£0.27
1x,Carnival Hellsteed,RNA Guild Kit,,,£0.27
1x,Clan Defiance,Gatecrash,,,£0.27
3x,Dawnbringer Charioteers,Journey into Nyx,,,£0.27
1x,Firemind's Foresight,Return to Ravnica,,,£0.27
2x,Havoc Festival,Return to Ravnica,,,£0.27
1x,Predatory Urge,Zendikar,,,£0.27
1x,Pyxis of Pandemonium,Theros,,,£0.27
1x,Shivan Dragon,Welcome Deck 2017,,,£0.27
1x,Steamflogger Boss,Mystery Booster,,,£0.27
1x,Stolen Goods,Avacyn Restored,,,£0.27
1x,The Akroan War,Theros Beyond Death,,,£0.27
1x,The First Eruption,Dominaria,,,£0.27
1x,Emperor's Vanguard,Ixalan,,,£0.26
2x,Fated Conflagration,Born of the Gods,,,£0.26
1x,Firedrinker Satyr,Theros,,,£0.26
1x,Haphazard Bombardment,Dominaria,,,£0.26
1x,Hellkite Igniter,Commander 2016,,,£0.26
1x,Kheru Spellsnatcher,Commander 2019,,,£0.26
1x,Righteous Authority,Commander 2018,,,£0.26
1x,Rubblehulk,RNA Guild Kit,,,£0.26
1x,Serendib Efreet,Mystery Booster,,,£0.26
1x,Sphinx of the Chimes,Return to Ravnica,,,£0.26
1x,Trait Doctoring,Dragon's Maze,,,£0.26
1x,Volatile Rig,Return to Ravnica,,,£0.26
1x,Whims of the Fates,Born of the Gods,,,£0.26
1x,"Dalakos, Crafter of Wonders",Theros Beyond Death,,,£0.26
1x,Doomgape,Mystery Booster,,,£0.26
1x,Fated Retribution,Born of the Gods,,,£0.26
1x,Flesh // Blood,Dragon's Maze,,,£0.26
1x,From Under the Floorboards,Commander 2019,,,£0.26
1x,Icy Blast,Khans of Tarkir,,,£0.26
2x,Mantle of the Wolf,Theros Beyond Death,,,£0.26
1x,Nessian Boar,Theros Beyond Death,,,£0.26
1x,Ooze Flux,Gatecrash,,,£0.26
1x,Predatory Rampage,Magic 2013,,,£0.26
2x,Protean Thaumaturge,Theros Beyond Death,,,£0.26
1x,Remorseless Punishment,Oath of the Gatewatch,,,£0.26
1x,Revel of the Fallen God,Journey into Nyx,,,£0.26
1x,Shimian Specter,Magic 2013,,,£0.26
1x,The First Iroan Games,Theros Beyond Death,,,£0.26
1x,Victory's Herald,Welcome Deck 2017,,,£0.26
1x,Wayfaring Temple,Return to Ravnica,,,£0.26
2x,Wild Beastmaster,Return to Ravnica,,,£0.26
2x,Djinn of Wishes,Core Set 2019,,,£0.25
1x,El-Hajjâj,Fourth Edition,,,£0.25
2x,Fated Return,Born of the Gods,,,£0.25
1x,Herald of Torment,Born of the Gods,,,£0.25
1x,Labyrinth Champion,Theros,,,£0.25
1x,Lavaborn Muse,Duel Decks: Sorin vs. Tibalt,,,£0.25
1x,Mitotic Manipulation,Mirrodin Besieged,,,£0.25
1x,Purphoros's Intervention,Theros Beyond Death,,,£0.25
1x,Skarrg Goliath,Gatecrash,,,£0.25
1x,Undercity Plague,Gatecrash,,,£0.25
4x,Allure of the Unknown,Theros Beyond Death,,,£0.24
1x,Archon of the Triumvirate,Return to Ravnica,,,£0.24
2x,Conjured Currency,Return to Ravnica,,,£0.24
1x,Deadbridge Goliath,Return to Ravnica,,,£0.24
2x,Domestication,Magic 2014,,,£0.24
2x,Fated Intervention,Born of the Gods,,,£0.24
2x,Gild,Born of the Gods,,,£0.24
1x,Hero of Leina Tower,Born of the Gods,,,£0.24
2x,Hunter's Prowess,Born of the Gods,,,£0.24
1x,Mind Shatter,Mystery Booster,,,£0.24
1x,Nightmare,Welcome Deck 2017,,,£0.24
1x,Search the City,Return to Ravnica,,,£0.24
1x,Tower of Eons,Mystery Booster,,,£0.24
2x,Triad of Fates,Theros,,,£0.24
1x,Woodland Wanderer,Battle for Zendikar,,,£0.24
1x,Arbiter of the Ideal,Born of the Gods,,,£0.23
1x,Aven Wind Guide,Amonkhet,,,£0.23
1x,Cryptborn Horror,Return to Ravnica,,,£0.23
2x,Guardian of the Ages,Magic 2014,,,£0.23
1x,Meletis Charlatan,Theros,,,£0.23
2x,Mindreaver,Born of the Gods,,,£0.23
1x,Oath of the Ancient Wood,Magic 2014,,,£0.23
1x,Oracle of Bones,Born of the Gods,,,£0.22
1x,Encroaching Wastes,Magic 2014,,,£0.22
1x,Cloudcrest Lake,Champions of Kamigawa,,,£0.20
1x,Memorial to Unity,Dominaria,,,£0.20
1x,Quicksand,Conspiracy,,,£0.20
1x,Rupture Spire,Core Set 2019,,,£0.20
1x,Tournament Grounds,Throne of Eldraine,,,£0.20
1x,Grasping Dunes,Amonkhet,,,£0.19
1x,Memorial to Glory,Dominaria,,,£0.19
2x,Memorial to War,Dominaria,,,£0.19
1x,Shimmering Grotto,Conspiracy: Take the Crown,,,£0.19
1x,Shimmering Grotto,Magic 2014,,,£0.18
1x,Amulet of Vigor,Mystery Booster Retail Edition Foils,Foil,,£12.00
1x,Bringer of the Black Dawn,Mystery Booster Retail Edition Foils,Foil,,£3.20
1x,Celestial Dawn,Mystery Booster Retail Edition Foils,Foil,,£2.00
1x,Conspiracy,Mystery Booster Retail Edition Foils,Foil,,£2.00
1x,Fatespinner,Mystery Booster Retail Edition Foils,Foil,,£2.50
1x,Form of the Dragon,Mystery Booster Retail Edition Foils,Foil,,£0.40
1x,Funeral Charm,Mystery Booster Retail Edition Foils,Foil,,£1.00
1x,Helix Pinnacle,Mystery Booster Retail Edition Foils,Foil,,£5.00
1x,Intruder Alarm,Mystery Booster Retail Edition Foils,Foil,,£8.40
1x,Leveler,Mystery Booster Retail Edition Foils,Foil,,£1.40
2x,Lich's Mirror,Mystery Booster Retail Edition Foils,Foil,,£1.90
1x,Maelstrom Nexus,Mystery Booster Retail Edition Foils,Foil,,£4.60
1x,Maro,Mystery Booster Retail Edition Foils,Foil,,£0.50
1x,Mindslaver,Mystery Booster Retail Edition Foils,Foil,,£3.00
1x,Misthollow Griffin,Mystery Booster Retail Edition Foils,Foil,,£1.50
1x,Norn's Annex,Mystery Booster Retail Edition Foils,Foil,,£3.00
1x,Puca's Mischief,Mystery Booster Retail Edition Foils,Foil,,£1.50
1x,Sen Triplets,Mystery Booster Retail Edition Foils,Foil,,£15.00
2x,Spellweaver Volute,Mystery Booster Retail Edition Foils,Foil,,£0.90
1x,Zur's Weirding,Mystery Booster Retail Edition Foils,Foil,,£3.00
1x,Mystical Dispute,Throne of Eldraine,Foil,,£5.18
1x,Goblin Bombardment,Mystery Booster,,,£4.85
1x,Baleful Strix,Commander 2016,,,£3.98
1x,Eternal Witness,Ultimate Masters,,,£3.68
1x,Umbral Mantle,Mystery Booster,,,£3.53
1x,Mental Misstep,New Phyrexia,,,£3.44
1x,Blood Artist,Eternal Masters,,,£3.35
1x,Blood Artist,Avacyn Restored,,,£3.33
1x,Codex Shredder,Return to Ravnica,Foil,,£3.24
4x,Hedron Crab,Zendikar,,,£3.16
1x,Swiftfoot Boots,Commander 2015,,,£2.91
3x,Elvish Promenade,Duel Decks: Elves vs. Goblins,,,£2.86
1x,Krosan Grip,Commander 2015,,,£2.77
1x,Remand,Modern Masters 2015,,,£2.73
2x,Phyrexian Reclamation,Mystery Booster,,,£2.49
1x,"Slimefoot, the Stowaway",Dominaria,Foil,,£1.91
1x,Crystal Shard,Mystery Booster,,,£1.87
1x,Chainer's Edict,Ultimate Masters,Foil,,£1.79
1x,Hydra Omnivore,Commander 2018,,,£1.77
1x,Mother of Runes,Mystery Booster,,,£1.71
1x,Bloodbraid Elf,Planechase Anthology,,,£1.68
1x,Return to Dust,Commander 2018,,,£1.63
1x,Damping Sphere,Dominaria,,,£1.62
1x,Everflowing Chalice,Commander 2016,,,£1.59
1x,Beast Within,Battlebond,,,£1.58
1x,Beast Within,Conspiracy: Take the Crown,,,£1.55
4x,Open the Armory,Shadows over Innistrad,,,£1.51
1x,Sylvan Scrying,Battle for Zendikar,Foil,,£1.50
1x,Monastery Swiftspear,Iconic Masters,,,£1.45
1x,Archetype of Endurance,Born of the Gods,,,£1.44
1x,Imperious Perfect,Lorwyn,,,£1.43
1x,Imperious Perfect,Commander 2014,,,£1.42
1x,Solidarity of Heroes,Commander Anthology Volume II,,,£1.35
1x,Mask of Memory,Commander 2014,,,£1.33
1x,Thopter Foundry,Commander 2016,,,£1.32
1x,Soothsaying,Mystery Booster,,,£1.31
1x,Time of Need,Champions of Kamigawa,,,£1.28
1x,Pathrazer of Ulamog,Mystery Booster,,,£1.26
1x,Mystical Dispute,Throne of Eldraine,,,£1.20
1x,Spell Snare,Dissension,,,£1.20
1x,Chainer's Edict,Ultimate Masters,,,£1.17
3x,Izzet Charm,Duel Decks: Izzet vs. Golgari,,,£1.16
2x,Palace Jailer,Mystery Booster,,,£1.15
1x,Wall of Omens,Mystery Booster,,,£1.15
2x,"Tatyova, Benthic Druid",Mystery Booster,,,£1.13
1x,Fireshrieker,Magic 2014,Foil,,£1.12
1x,Cabal Therapy,Eternal Masters,,,£1.10
1x,Final Parting,Dominaria,,,£1.09
1x,Fog Bank,Magic 2013,Foil,,£1.09
1x,Icy Manipulator,Tenth Edition,Foil,,£1.07
1x,Shriekmaw,Archenemy,,,£1.04
1x,Whispersilk Cloak,Mystery Booster,,,£1.00
1x,Solidarity of Heroes,Commander 2016,,,£0.96
4x,Young Pyromancer,Magic 2014,,,£0.96
1x,Arcane Sanctum,Mystery Booster,,,£0.95
1x,Oketra's Monument,Amonkhet,,,£0.95
2x,Sleight of Hand,Ultimate Masters,,,£0.95
1x,Daze,Eternal Masters,,,£0.93
1x,Postmortem Lunge,New Phyrexia,,,£0.92
1x,Stubborn Denial,Khans of Tarkir,,,£0.91
1x,Ichor Rats,Scars of Mirrodin,,,£0.90
2x,Vizier of Tumbling Sands,Amonkhet,,,£0.89
1x,Young Pyromancer,Mystery Booster,,,£0.88
1x,Solidarity of Heroes,Journey into Nyx,,,£0.87
2x,Reaper of Sheoldred,New Phyrexia,,,£0.81
2x,Karametra's Acolyte,Theros Promos,Foil,,£0.81
1x,Drown in the Loch,Throne of Eldraine,,,£0.80
1x,Experiment One,RNA Guild Kit,,,£0.80
1x,Izzet Charm,Return to Ravnica,,,£0.80
4x,Spitemare,Eventide,,,£0.80
1x,Underworld Coinsmith,Journey into Nyx,Foil,,£0.80
3x,Experiment One,Gatecrash,,,£0.79
2x,Springleaf Drum,Born of the Gods,,,£0.79
1x,Whirlwind Denial,Theros Beyond Death,Foil,,£0.79
4x,Contagion Clasp,Duel Decks: Elspeth vs. Tezzeret,,,£0.78
2x,Archetype of Courage,Born of the Gods,,,£0.77
2x,Ghost Quarter,Mystery Booster,,,£0.75
1x,Gut Shot,New Phyrexia,,,£0.75
2x,Mask of Avacyn,Innistrad,,,£0.75
2x,Hydroblast,Eternal Masters,,,£0.74
5x,Whispering Specter,New Phyrexia,,,£0.74
1x,Eidolon of Rhetoric,Journey into Nyx,,,£0.72
1x,Hedron Archive,Battle for Zendikar,,,£0.72
1x,Countersquall,Conflux,,,£0.70
1x,Harmonize,Commander 2017,,,£0.70
1x,Briber's Purse,Ugin's Fate,,,£0.69
4x,Elixir of Immortality,Magic 2014,,,£0.69
1x,Duskmantle Guildmage,Gatecrash,,,£0.66
2x,Thopter Foundry,Mystery Booster,,,£0.64
1x,Darksteel Ingot,Commander 2013,,,£0.63
1x,Elixir of Immortality,Mystery Booster,,,£0.63
1x,Shriekmaw,Mystery Booster,,,£0.63
4x,Hydra's Growth,Theros Beyond Death,,,£0.62
2x,Howlpack Resurgence,Shadows over Innistrad,,,£0.61
1x,Palladium Myr,Commander 2014,,,£0.61
1x,Diabolic Tutor,Kaladesh,,,£0.60
1x,Esper Charm,Shards of Alara,,,£0.60
1x,Timely Reinforcements,Mystery Booster,,,£0.60
1x,Archetype of Aggression,Born of the Gods,,,£0.58
1x,Shattered Angel,Commander Anthology,,,£0.58
3x,Shrieking Affliction,Return to Ravnica,,,£0.57
1x,Wall of Lost Thoughts,Ravnica Allegiance,,,£0.57
3x,Diabolic Tutor,Magic 2014,,,£0.56
1x,Elixir of Immortality,Magic 2013,,,£0.56
1x,Jace's Phantasm,Duel Decks: Jace vs. Vraska,,,£0.56
1x,Countersquall,Ultimate Masters,,,£0.55
3x,Archetype of Finality,Born of the Gods,,,£0.54
3x,Destiny Spinner,Theros Beyond Death,,,£0.52
1x,Fact or Fiction,Conspiracy,,,£0.52
5x,Sunbond,Born of the Gods,,,£0.52
1x,Vampire Nighthawk,Commander 2013,,,£0.52
2x,Felidar Guardian,Mystery Booster,,,£0.50
2x,Aetherize,Gatecrash,,,£0.49
1x,Jagged-Scar Archers,Lorwyn,,,£0.49
1x,Infiltration Lens,Scars of Mirrodin,,,£0.49
1x,Moonlight Hunt,Shadows over Innistrad,,,£0.49
1x,Chalice of Life,Dark Ascension,,,£0.48
6x,Searing Blood,Born of the Gods,,,£0.48
2x,Shardless Agent,Mystery Booster,,,£0.47
1x,Sylvan Scrying,Battle for Zendikar,,,£0.47
1x,Favored Hoplite,Theros,,,£0.45
2x,Soul-Guide Lantern,Theros Beyond Death,,,£0.45
1x,Nyx-Fleece Ram,Masters 25,,,£0.44
1x,Forked Bolt,Rise of the Eldrazi,,,£0.43
3x,Rakdos Charm,Return to Ravnica,,,£0.43
1x,Ranging Raptors,Ixalan,,,£0.43
3x,Gryff's Boon,Shadows over Innistrad,,,£0.41
1x,Agonizing Remorse,Theros Beyond Death,,,£0.41
1x,Frontier Bivouac,Mystery Booster,,,£0.41
1x,"Callaphe, Beloved of the Sea",Theros Beyond Death,Foil,,£0.40
1x,Field of Ruin,Theros Beyond Death,,,£0.40
1x,Fleshbag Marauder,Duel Decks Anthology: Garruk vs. Liliana,,,£0.40
2x,Nest of Scarabs,Amonkhet,,,£0.40
1x,Nyx-Fleece Ram,Mystery Booster,,,£0.40
1x,Pteramander,Ravnica Allegiance,,,£0.40
2x,Vampire Hexmage,Mystery Booster,,,£0.40
1x,Vizier of Tumbling Sands,Commander 2020,,,£0.40
1x,It That Rides as One,Eldritch Moon,,,£0.39
1x,Lone Rider,Eldritch Moon,,,£0.39
1x,Pyroclasm,Deckmasters,,,£0.39
1x,Spectral Procession,Duel Decks: Sorin vs. Tibalt,,,£0.39
2x,Artisan of Kozilek,Mystery Booster,,,£0.38
1x,Cling to Dust,Theros Beyond Death,Foil,,£0.38
1x,Manifold Key,Core Set 2020,,,£0.38
4x,Spinebiter,New Phyrexia,,,£0.38
1x,Avalanche Riders,Mystery Booster,,,£0.37
1x,Embereth Shieldbreaker // Battle Display,Throne of Eldraine,Foil,,£0.37
1x,Fungal Sprouting,Magic 2013,,,£0.37
1x,Vampire Nighthawk,Mystery Booster,,,£0.37
3x,Archetype of Imagination,Born of the Gods,,,£0.37
4x,Gray Merchant of Asphodel,Theros Beyond Death,,,£0.37
1x,Noxious Grasp,Core Set 2020,,,£0.37
1x,Timecrafting,Planar Chaos,,,£0.37
1x,Jhoira's Familiar,Dominaria,,,£0.36
1x,Archangel,Mystery Booster,,,£0.35
1x,Chariot of Victory,Journey into Nyx,,,£0.35
1x,Curiosity,Mystery Booster,,,£0.35
2x,Efficient Construction,Aether Revolt,,,£0.35
1x,Fireshrieker,Magic 2014,,,£0.35
1x,Invigorated Rampage,Aether Revolt,,,£0.35
2x,Jace's Phantasm,Magic 2013,,,£0.35
1x,Satyr Enchanter,Core Set 2019,,,£0.35
1x,Foulmire Knight // Profane Insight,Throne of Eldraine,,,£0.34
1x,Gleam of Battle,Dragon's Maze,Foil,,£0.34
2x,Hazoret's Monument,Amonkhet,,,£0.34
1x,New Prahv Guildmage,Return to Ravnica,Foil,,£0.34
2x,Pyroclasm,Seventh Edition,,,£0.34
1x,Ricochet Trap,Worldwake,,,£0.34
1x,Azorius Charm,Return to Ravnica,,,£0.33
1x,Instill Energy,Fourth Edition,,,£0.33
1x,Switcheroo,Magic 2013,Foil,,£0.33
1x,Alseid of Life's Bounty,Theros Beyond Death,,,£0.33
1x,"Anax, Hardened in the Forge",Theros Beyond Death,,,£0.33
2x,Angelic Accord,Magic 2014,,,£0.33
1x,Azra Oddsmaker,Mystery Booster,,,£0.33
1x,Caress of Phyrexia,New Phyrexia,,,£0.32
1x,Carrion Feeder,Mystery Booster,,,£0.32
3x,Codex Shredder,Return to Ravnica,,,£0.32
3x,Electrolyze,Guildpact,,,£0.32
2x,Golgari Charm,Return to Ravnica,,,£0.32
1x,Heraldic Banner,Throne of Eldraine,,,£0.32
2x,Hover Barrier,Return to Ravnica,,,£0.32
4x,Kiora's Follower,Duel Decks: Elspeth vs. Kiora,,,£0.32
1x,Ring of Xathrid,Magic 2013,,,£0.32
2x,The Birth of Meletis,Theros Beyond Death,,,£0.32
3x,Blistercoil Weird,Return to Ravnica,,,£0.31
1x,Clock of Omens,Magic 2013,,,£0.31
1x,Crystal Ball,Commander 2018,,,£0.31
1x,Darkblast,Mystery Booster,,,£0.31
2x,Kor Firewalker,Mystery Booster,,,£0.31
1x,Plaxcaster Frogling,Mystery Booster,,,£0.31
1x,Raiders' Wake,Ixalan,,,£0.31
2x,Rogue Refiner,Aether Revolt,,,£0.31
1x,Sejiri Refuge,Mystery Booster,,,£0.31
1x,Vizier of Remedies,Amonkhet,,,£0.31
1x,Vizkopa Guildmage,Commander 2013,,,£0.31
1x,"Anax, Hardened in the Forge",Theros Beyond Death,,,£0.30
1x,Doublecast,Core Set 2019,,,£0.30
1x,Fireborn Knight,Throne of Eldraine,Foil,,£0.30
1x,Spectral Sailor,Core Set 2020,,,£0.30
1x,Belligerent Sliver,Magic 2015,,,£0.29
1x,Mirror Image,Core Set 2019,,,£0.29
1x,Pyroclasm,Duel Decks: Sorin vs. Tibalt,,,£0.29
2x,Skilled Animator,Core Set 2019,,,£0.29
1x,Smallpox,Magic 2012,,,£0.29
1x,Electrolyze,Modern Masters,,,£0.29
1x,Plaguecrafter,Mystery Booster,,,£0.29
1x,Village Messenger,Shadows over Innistrad,,,£0.29
1x,"Alirios, Enraptured",Theros Beyond Death,Foil,,£0.28
3x,Banishing Light,Commander Anthology Volume II,,,£0.28
2x,Battle Sliver,Magic 2014,,,£0.28
1x,Blood for Bones,Core Set 2020,,,£0.28
1x,Breaker of Armies,Mystery Booster,,,£0.28
1x,Cauldron's Gift,Throne of Eldraine,Foil,,£0.28
2x,Censor,Amonkhet,,,£0.28
1x,Dreadship Reef,Mystery Booster,,,£0.28
1x,Favorable Winds,Avacyn Restored,,,£0.28
2x,Favorable Winds,Ixalan,,,£0.28
2x,Fell Specter,Core Set 2019,,,£0.28
1x,Fleshbag Marauder,Shards of Alara,,,£0.28
1x,Nyx Weaver,Commander 2020,,,£0.28
2x,"Syr Konrad, the Grim",Throne of Eldraine,,,£0.28
1x,The Eldest Reborn,Mystery Booster,,,£0.28
2x,"Whisper, Blood Liturgist",Dominaria,,,£0.28
1x,Blanchwood Armor,Urza's Saga,,,£0.27
1x,Brave the Elements,Magic 2014,,,£0.27
2x,Cast Out,Mystery Booster,,,£0.27
1x,Haunted Dead,Eldritch Moon,,,£0.27
2x,Kiora's Follower,Mystery Booster,,,£0.27
1x,Perish,Mystery Booster,,,£0.27
1x,Pheres-Band Brawler,Theros Beyond Death,Foil,,£0.27
1x,Swerve,Shards of Alara,,,£0.27
1x,Angel of Vitality,Core Set 2020,,,£0.26
1x,Mysterious Pathlighter,Throne of Eldraine,Foil,,£0.26
2x,Nessian Hornbeetle,Theros Beyond Death,Foil,,£0.26
1x,Overrun,Duel Decks Anthology: Garruk vs. Liliana,,,£0.26
1x,Quickling,Magic 2015,,,£0.26
1x,Snake Umbra,Ultimate Masters,,,£0.26
1x,"Daxos, Blessed by the Sun",Theros Beyond Death,,,£0.26
1x,Essence Capture,Ravnica Allegiance,,,£0.26
2x,Gate to the Afterlife,Amonkhet,,,£0.26
3x,Kiora's Follower,Born of the Gods,,,£0.26
3x,Manglehorn,Amonkhet,,,£0.26
1x,Manic Scribe,Shadows over Innistrad,,,£0.26
1x,Sorcerer's Broom,Throne of Eldraine,Foil,,£0.26
2x,Thud,Core Set 2019,,,£0.26
1x,Triton Cavalry,Journey into Nyx,Foil,,£0.26
1x,Trophy Mage,Aether Revolt,,,£0.26
5x,Unravel the Aether,Born of the Gods,,,£0.26
1x,Zealous Persecution,Modern Event Deck 2014,Foil,,£0.26
1x,Zealous Persecution,Mystery Booster,,,£0.26
3x,Cast Out,Amonkhet,,,£0.25
1x,"Daxos, Blessed by the Sun",Theros Beyond Death,,,£0.25
1x,Exclusion Mage,Core Set 2019,,,£0.25
1x,Extract from Darkness,Mystery Booster,,,£0.25
3x,Flameblade Adept,Amonkhet,,,£0.25
1x,High Alert,Ravnica Allegiance,,,£0.25
1x,Judge's Familiar,Return to Ravnica,,,£0.25
1x,Profane Memento,Magic 2015,,,£0.25
1x,Sporecrown Thallid,Dominaria,,,£0.25
2x,Treasure Mage,Mystery Booster,,,£0.25
1x,"Yargle, Glutton of Urborg",Mystery Booster,,,£0.25
1x,Abzan Charm,Mystery Booster,,,£0.24
1x,Acidic Slime,Magic 2013,,,£0.24
1x,Deeproot Waters,Ixalan,,,£0.24
3x,Defy Death,Avacyn Restored,,,£0.24
1x,Dissolve,Theros,,,£0.24
1x,Hidden Stockpile,Aether Revolt,,,£0.24
1x,Mirror Match,Commander 2015,,,£0.24
1x,Overrun,Tenth Edition,,,£0.24
3x,Raised by Wolves,Born of the Gods,,,£0.24
1x,Staggering Insight,Theros Beyond Death,,,£0.24
3x,Underworld Dreams,Theros Beyond Death,,,£0.24
1x,Vizkopa Guildmage,Gatecrash,,,£0.24
2x,Whirlwind Denial,Theros Beyond Death,,,£0.24
1x,Zealous Persecution,Eternal Masters,,,£0.24
1x,Angelic Benediction,Duel Decks Anthology: Divine vs. Demonic,,,£0.23
1x,Aquus Steed,Return to Ravnica,Foil,,£0.23
2x,Arvad the Cursed,Dominaria,,,£0.23
1x,Blue Elemental Blast,Mystery Booster,,,£0.23
1x,"Callaphe, Beloved of the Sea",Theros Beyond Death,,,£0.23
1x,Centaur Glade,Mystery Booster,,,£0.23
2x,Crib Swap,Mystery Booster,,,£0.23
3x,Drag to the Underworld,Theros Beyond Death,,,£0.23
2x,Frilled Mystic,Ravnica Allegiance,,,£0.23
1x,Gelectrode,Mystery Booster,,,£0.23
2x,Hermit of the Natterknolls,Shadows over Innistrad,,,£0.23
1x,Jhessian Infiltrator,Shards of Alara,,,£0.23
2x,Riftwing Cloudskate,Mystery Booster,,,£0.23
1x,Siren of the Silent Song,Born of the Gods,,,£0.23
1x,The Flame of Keld,Dominaria,,,£0.23
1x,Tower Defense,Gatecrash,,,£0.23
1x,"Tymaret, Chosen from Death",Theros Beyond Death,,,£0.23
3x,Vanguard of Brimaz,Born of the Gods,,,£0.23
4x,Agent of Erebos,Journey into Nyx,,,£0.22
1x,Augur of Bolas,Magic 2013,,,£0.22
1x,Banishing Light,Journey into Nyx,,,£0.22
5x,Destructive Revelry,Theros,,,£0.22
1x,Infest,Mystery Booster,,,£0.22
3x,Reassembling Skeleton,Core Set 2019,,,£0.22
1x,Steelform Sliver,Magic 2014,,,£0.22
1x,Armory of Iroas,Journey into Nyx,,,£0.22
2x,Become Immense,Mystery Booster,,,£0.22
2x,Claim the Firstborn,Throne of Eldraine,,,£0.22
1x,Felhide Petrifier,Journey into Nyx,,,£0.22
1x,Izzet Guildmage,Guildpact,,,£0.22
1x,Kefnet's Monument,Amonkhet,,,£0.22
2x,Mindclaw Shaman,Magic 2013,,,£0.22
1x,Oust,Mystery Booster,,,£0.22
1x,Paragon of Open Graves,Magic 2015,,,£0.22
1x,Renegade Rallier,Aether Revolt,,,£0.22
2x,Skinrender,Scars of Mirrodin,,,£0.22
2x,Snapping Sailback,Ixalan,,,£0.22
2x,Supreme Will,Hour of Devastation,,,£0.22
2x,Thrashing Brontodon,Mystery Booster,,,£0.22
1x,Urban Evolution,Modern Masters 2017,,,£0.22
1x,Apostle of Purifying Light,Core Set 2020,,,£0.21
1x,Battle Mastery,Mystery Booster,,,£0.21
1x,Blaze,Tenth Edition,,,£0.21
2x,Blood Reckoning,Magic 2013,,,£0.21
1x,Bloodrage Brawler,Amonkhet,,,£0.21
1x,Collision // Colossus,Ravnica Allegiance,,,£0.21
2x,Curator's Ward,Dominaria,,,£0.21
1x,Dakra Mystic,Journey into Nyx,,,£0.21
1x,Druid's Familiar,Avacyn Restored,,,£0.21
2x,Farmstead Gleaner,Mystery Booster,,,£0.21
1x,Geist of the Archives,Eldritch Moon,,,£0.21
3x,Graf Harvest,Eldritch Moon,,,£0.21
1x,Guttersnipe,Conspiracy: Take the Crown,,,£0.21
3x,Izzet Staticaster,Return to Ravnica,,,£0.21
1x,Phantom Centaur,Mystery Booster,,,£0.21
2x,Promise of Bunrei,Mystery Booster,,,£0.21
1x,Reassembling Skeleton,Magic 2012,,,£0.21
1x,Regeneration,Tenth Edition,,,£0.21
2x,Righteous Cause,Mystery Booster,,,£0.21
1x,Roast,Mystery Booster,,,£0.21
1x,Sedraxis Specter,Mystery Booster,,,£0.21
1x,Walk the Plank,Ixalan,,,£0.21
1x,Wall of Frost,Magic 2015,,,£0.21
1x,Woolly Thoctar,Shards of Alara,,,£0.21
1x,Abandon Reason,Eldritch Moon,,,£0.20
1x,Accorder's Shield,Magic 2014,,,£0.20
1x,Aether Tunnel,Core Set 2019,,,£0.20
1x,Affectionate Indrik,Mystery Booster,,,£0.20
1x,Ahn-Crop Crasher,Mystery Booster,,,£0.20
8x,Akroan Conscriptor,Born of the Gods,,,£0.20
1x,Angelic Exaltation,Ravnica Allegiance,,,£0.20
1x,Annihilate,Mystery Booster,,,£0.20
1x,Arcane Encyclopedia,Core Set 2019,,,£0.20
1x,Archway Angel,Ravnica Allegiance,,,£0.20
1x,Assassin's Strike,Battlebond,,,£0.20
1x,Atzocan Archer,Ixalan,,,£0.20
1x,Avacynian Missionaries,Shadows over Innistrad,,,£0.20
1x,Azorius Keyrune,RNA Guild Kit,,,£0.20
1x,Azorius Skyguard,Ravnica Allegiance,,,£0.20
1x,Baleful Ammit,Amonkhet,,,£0.20
1x,Ballista Charger,Kaladesh,,,£0.20
1x,Banishing Light,Theros Beyond Death,,,£0.20
1x,Bant Battlemage,Shards of Alara,,,£0.20
1x,Beanstalk Giant // Fertile Footsteps,Throne of Eldraine,,,£0.20
1x,Behind the Scenes,Shadows over Innistrad,,,£0.20
1x,Bile Blight,Born of the Gods,,,£0.20
1x,Biogenic Upgrade,Ravnica Allegiance,,,£0.20
1x,Bishop of the Bloodstained,Ixalan,,,£0.20
1x,Bitterheart Witch,Innistrad,,,£0.20
2x,Blighted Fen,Mystery Booster,,,£0.20
1x,Blinding Flare,Journey into Nyx,,,£0.20
1x,Bloodmist Infiltrator,Ravnica Allegiance,,,£0.20
5x,Blustersquall,Return to Ravnica,,,£0.20
1x,Board the Weatherlight,Dominaria,,,£0.20
1x,Bomat Bazaar Barge,Mystery Booster,,,£0.20
2x,Bone Picker,Amonkhet,,,£0.20
2x,Boros Elite,Gatecrash,,,£0.20
1x,Boros Keyrune,GRN Guild Kit,,,£0.20
2x,Bottle Gnomes,Mystery Booster,,,£0.20
3x,Brain Maggot,Journey into Nyx,,,£0.20
2x,Breeding Pit,Mystery Booster,,,£0.20
1x,Brimstone Mage,Mystery Booster,,,£0.20
1x,Brineborn Cutthroat,Core Set 2020,,,£0.20
2x,Bronzebeak Moa,Modern Masters 2017,,,£0.20
2x,Bubbling Cauldron,Iconic Masters,,,£0.20
1x,Call the Bloodline,Shadows over Innistrad,,,£0.20
1x,Call to Mind,Magic 2011,,,£0.20
2x,Call to the Feast,Ixalan,,,£0.20
1x,"Callaphe, Beloved of the Sea",Theros Beyond Death,,,£0.20
2x,Campaign of Vengeance,Eldritch Moon,,,£0.20
4x,Carnage Gladiator,Modern Masters 2017,,,£0.20
1x,Cerulean Drake,Core Set 2020,,,£0.20
1x,Chainer's Torment,Dominaria,,,£0.20
2x,Champion of the Flame,Dominaria,,,£0.20
1x,Chief of the Foundry,Kaladesh,,,£0.20
1x,Citadel Castellan,Mystery Booster,,,£0.20
2x,Claim // Fame,Mystery Booster,,,£0.20
1x,Clamor Shaman,Ravnica Allegiance,,,£0.20
2x,Clear the Stage,Ravnica Allegiance,,,£0.20
2x,Cling to Dust,Theros Beyond Death,,,£0.20
1x,Clone Shell,Scars of Mirrodin,,,£0.20
1x,Cogwork Assembler,Aether Revolt,,,£0.20
1x,Consulate Dreadnought,Aether Revolt,,,£0.20
2x,Consuming Fervor,Amonkhet,,,£0.20
2x,Contraband Kingpin,Mystery Booster,,,£0.20
1x,Corpsehatch,Mystery Booster,,,£0.20
1x,Corrupt,Duel Decks Anthology: Garruk vs. Liliana,,,£0.20
1x,Crop Sigil,Eldritch Moon,,,£0.20
3x,Cryptic Serpent,Amonkhet,,,£0.20
1x,Curse of Thirst,Dark Ascension,,,£0.20
1x,Dawn to Dusk,Commander 2015,,,£0.20
1x,Deadeye Quartermaster,Ixalan,,,£0.20
2x,Decimator Beetle,Amonkhet,,,£0.20
2x,Declare Dominance,Core Set 2019,,,£0.20
2x,Defiant Greatmaw,Amonkhet,,,£0.20
1x,Departed Deckhand,Core Set 2019,,,£0.20
1x,Depose // Deploy,Ravnica Allegiance,,,£0.20
3x,Destined // Lead,Amonkhet,,,£0.20
1x,Diligent Excavator,Dominaria,,,£0.20
1x,Dinrova Horror,GRN Guild Kit,,,£0.20
2x,Dire Fleet Captain,Ixalan,,,£0.20
2x,Diregraf Ghoul,Core Set 2019,,,£0.20
1x,Disappearing Act,Kaladesh,,,£0.20
2x,Disciple of Deceit,Journey into Nyx,,,£0.20
1x,Dismantling Blow,Mystery Booster,,,£0.20
2x,Doom Blade,Magic 2014,,,£0.20
1x,Doomfall,Hour of Devastation,,,£0.20
1x,Draconic Disciple,Core Set 2019,,,£0.20
1x,Dragon Egg,Core Set 2019,,,£0.20
1x,Dragon Egg,Magic 2014,,,£0.20
1x,Drown in Sorrow,Born of the Gods,,,£0.20
1x,Druid of Horns,Core Set 2019,,,£0.20
1x,Edgewall Innkeeper,Throne of Eldraine,,,£0.20
1x,Edifice of Authority,Amonkhet,,,£0.20
1x,Elegant Edgecrafters,Kaladesh,,,£0.20
2x,Elite Headhunter,Throne of Eldraine,,,£0.20
3x,Elspeth's Nightmare,Theros Beyond Death,,,£0.20
1x,Embalmer's Tools,Amonkhet,,,£0.20
2x,Emmessi Tome,Mystery Booster,,,£0.20
1x,Enlarge,Iconic Masters,,,£0.20
1x,Epitaph Golem,Shadows over Innistrad,,,£0.20
2x,Exemplar of Strength,Amonkhet,,,£0.20
1x,Experimental Aviator,Kaladesh,,,£0.20
1x,Eyes Everywhere,Ravnica Allegiance,,,£0.20
1x,Fabrication Module,Kaladesh,,,£0.20
4x,Faith of the Devoted,Amonkhet,,,£0.20
1x,Faith of the Devoted,Commander 2019,,,£0.20
3x,Far // Away,Dragon's Maze,,,£0.20
1x,Fiery Cannonade,Ixalan,,,£0.20
1x,Fireblade Artist,Ravnica Allegiance,,,£0.20
2x,Flames of the Raze-Boar,Ravnica Allegiance,,,£0.20
2x,Fledgling Mawcor,Mystery Booster,,,£0.20
1x,Flinthoof Boar,Magic 2013,,,£0.20
1x,Fungal Plots,Dominaria,,,£0.20
1x,Furious Rise,Theros Beyond Death,,,£0.20
1x,Galloping Lizrog,Ravnica Allegiance,,,£0.20
1x,"Garna, the Bloodflame",Dominaria,,,£0.20
2x,Gate Colossus,Ravnica Allegiance,,,£0.20
5x,Gatstaf Shepherd,Innistrad,,,£0.20
1x,Gem of Becoming,Magic 2013,,,£0.20
2x,Genju of the Fens,Mystery Booster,,,£0.20
1x,Ghostblade Eidolon,Commander 2015,,,£0.20
1x,Ghoulsteed,Shadows over Innistrad,,,£0.20
1x,Gift of Paradise,Core Set 2019,,,£0.20
2x,Gisa's Bidding,Shadows over Innistrad,,,£0.20
2x,Gnarled Scarhide,Journey into Nyx,,,£0.20
1x,Goblin Barrage,Dominaria,,,£0.20
2x,Goblin Rally,Return to Ravnica,,,£0.20
1x,Goblin Ringleader,Core Set 2020,,,£0.20
2x,Gonti's Machinations,Aether Revolt,,,£0.20
1x,Gravedigger,Core Set 2019,,,£0.20
1x,Gruul Beastmaster,Ravnica Allegiance,,,£0.20
1x,Guttersnipe,Core Set 2019,,,£0.20
1x,Guttersnipe,GRN Guild Kit,,,£0.20
1x,Guttersnipe,Iconic Masters,,,£0.20
1x,Guttersnipe,Return to Ravnica,,,£0.20
1x,Gyre Engineer,Ravnica Allegiance,,,£0.20
1x,Hackrobat,Ravnica Allegiance,,,£0.20
2x,Hapatra's Mark,Amonkhet,,,£0.20
1x,Hate Weaver,Tenth Edition,,,£0.20
2x,Hateful Eidolon,Theros Beyond Death,,,£0.20
1x,Heavy Arbalest,Mystery Booster,,,£0.20
1x,Herald of Faith,Core Set 2019,,,£0.20
1x,Heroic Reinforcements,Core Set 2019,,,£0.20
1x,Hidden Herbalists,Aether Revolt,,,£0.20
1x,Hieromancer's Cage,Core Set 2019,,,£0.20
1x,Honden of Infinite Rage,Champions of Kamigawa,,,£0.20
3x,Honored Crop-Captain,Amonkhet,,,£0.20
1x,Hope Against Hope,Shadows over Innistrad,,,£0.20
1x,Horizon Chimera,Commander 2016,,,£0.20
2x,Howl of the Night Pack,Magic 2010,,,£0.20
2x,Howl of the Night Pack,Magic 2014,,,£0.20
1x,Humble the Brute,Shadows over Innistrad,,,£0.20
1x,Icehide Golem,Modern Horizons,,,£0.20
1x,Illusory Angel,Magic 2015,,,£0.20
1x,Improbable Alliance,Throne of Eldraine,,,£0.20
1x,Inspiring Veteran,Throne of Eldraine,,,£0.20
2x,Inventor's Apprentice,Kaladesh,,,£0.20
1x,Iroas's Champion,Mystery Booster,,,£0.20
2x,Izzet Keyrune,Return to Ravnica,,,£0.20
2x,Join Shields,Mystery Booster,,,£0.20
1x,Joust,Throne of Eldraine,,,£0.20
1x,Jubilant Mascot,Mystery Booster,,,£0.20
1x,Juggernaut,Mystery Booster,,,£0.20
1x,Junktroller,Ravnica Allegiance,,,£0.20
1x,Kenrith's Transformation,Throne of Eldraine,,,£0.20
2x,Khenra Charioteer,Amonkhet,,,£0.20
2x,Kiss of the Amesha,Mystery Booster,,,£0.20
1x,Knight of Dawn,Mystery Booster,,,£0.20
1x,Knight of the Last Breath,Ravnica Allegiance,,,£0.20
1x,Knightly Valor,Core Set 2019,,,£0.20
1x,Kraken of the Straits,Born of the Gods,,,£0.20
2x,"Kwende, Pride of Femeref",Dominaria,,,£0.20
1x,Lambholt Elder,Dark Ascension,,,£0.20
1x,Lay Bare the Heart,Amonkhet,,,£0.20
1x,Leonin Vanguard,Core Set 2019,,,£0.20
2x,Lightform,Mystery Booster,,,£0.20
2x,Lightning Mare,Core Set 2019,,,£0.20
1x,Lightning Strike,Core Set 2019,,,£0.20
2x,Lightning-Rig Crew,Ixalan,,,£0.20
1x,Liliana's Defeat,Hour of Devastation,,,£0.20
1x,Long Road Home,Battlebond,,,£0.20
1x,Lunar Force,Eldritch Moon,,,£0.20
1x,Macabre Mockery,Ravnica Allegiance,,,£0.20
1x,Make a Stand,Oath of the Gatewatch,,,£0.20
1x,Marauding Looter,Ixalan,,,£0.20
1x,Master Splicer,Modern Masters 2017,,,£0.20
1x,Maulfist Doorbuster,Kaladesh,,,£0.20
1x,Medomai's Prophecy,Theros Beyond Death,,,£0.20
1x,Memory's Journey,Innistrad,,,£0.20
1x,Merfolk Looter,Mystery Booster,,,£0.20
1x,Mesmeric Fiend,Masters 25,,,£0.20
1x,Metallurgeon,Shards of Alara,,,£0.20
2x,Meteor Golem,Core Set 2020,,,£0.20
1x,Ministrant of Obligation,Ravnica Allegiance,,,£0.20
1x,Mire Triton,Theros Beyond Death,,,£0.20
4x,Mirror Shield,Theros Beyond Death,,,£0.20
1x,Mistfire Weaver,Khans of Tarkir,,,£0.20
1x,Mogg Fanatic,Mystery Booster,,,£0.20
1x,Morbid Curiosity,Kaladesh,,,£0.20
1x,Morkrut Necropod,Shadows over Innistrad,,,£0.20
2x,Murder,Eldritch Moon,,,£0.20
1x,Mystic Repeal,Theros Beyond Death,,,£0.20
1x,Mystic Retrieval,Dark Ascension,,,£0.20
1x,Nature's Spiral,Dominaria,,,£0.20
1x,Navigator's Ruin,Ixalan,,,£0.20
1x,Nimbus Swimmer,Gatecrash,,,£0.20
2x,Nivix Guildmage,Commander 2017,,,£0.20
1x,Nivix Guildmage,GRN Guild Kit,,,£0.20
1x,Noose Constrictor,Eldritch Moon,,,£0.20
1x,Novice Knight,Core Set 2019,,,£0.20
2x,Ochran Assassin,Mystery Booster,,,£0.20
1x,On Serra's Wings,Dominaria,,,£0.20
1x,Open into Wonder,Amonkhet,,,£0.20
2x,Opportunity,Modern Masters 2017,,,£0.20
3x,Ordeal of Heliod,Masters 25,,,£0.20
10x,Ordeal of Nylea,Theros,,,£0.20
2x,Orzhov Enforcer,Ravnica Allegiance,,,£0.20
1x,Orzhov Racketeers,Ravnica Allegiance,,,£0.20
1x,Paragon of Eternal Wilds,Magic 2015,,,£0.20
1x,Paragon of New Dawns,Magic 2015,,,£0.20
2x,Pelakka Wurm,Mystery Booster,,,£0.20
1x,Phalanx Leader,Theros,,,£0.20
1x,Phantom Warrior,Battlebond,,,£0.20
1x,Phyrexian Vault,Tenth Edition,,,£0.20
2x,Psychic Spiral,Return to Ravnica,,,£0.20
1x,Psychic Symbiont,Core Set 2019,,,£0.20
1x,Pull from the Deep,Journey into Nyx,,,£0.20
2x,Quest for the Gravelord,Mystery Booster,,,£0.20
1x,"Raff Capashen, Ship's Mage",Mystery Booster,,,£0.20
1x,Ragemonger,Born of the Gods,,,£0.20
2x,Ravenous Harpy,Core Set 2019,,,£0.20
3x,Reduce // Rubble,Amonkhet,,,£0.20
1x,Regal Bloodlord,Core Set 2019,,,£0.20
2x,"Renata, Called to the Hunt",Theros Beyond Death,,,£0.20
1x,Reprisal,Journey into Nyx,,,£0.20
1x,Resolute Watchdog,Ravnica Allegiance,,,£0.20
1x,Rhox War Monk,Modern Masters 2017,,,£0.20
1x,Ring of Evos Isle,Magic 2013,,,£0.20
1x,Ring of Valkas,Magic 2013,,,£0.20
1x,River Boa,Mystery Booster,,,£0.20
1x,Roc Egg,Commander 2019,,,£0.20
1x,Rogue's Gloves,Core Set 2019,,,£0.20
1x,Rumbling Ruin,Ravnica Allegiance,,,£0.20
2x,Ruthless Knave,Ixalan,,,£0.20
2x,Ruthless Sniper,Amonkhet,,,£0.20
1x,Sage of Lat-Nam,Dominaria,,,£0.20
1x,Sage of Lat-Nam,Mystery Booster,,,£0.20
1x,Savage Stomp,Ixalan,,,£0.20
1x,Scampering Scorcher,Core Set 2020,,,£0.20
1x,Scrabbling Claws,Ravnica Allegiance,,,£0.20
1x,Screaming Shield,Ravnica Allegiance,,,£0.20
1x,Scuttling Sliver,Modern Horizons,,,£0.20
1x,Sealock Monster,Mystery Booster,,,£0.20
1x,Seek the Horizon,Mystery Booster,,,£0.20
1x,Seeker of the Way,Khans of Tarkir,,,£0.20
1x,Selesnya Charm,GRN Guild Kit,,,£0.20
2x,Senate Guildmage,Ravnica Allegiance,,,£0.20
2x,Sengir Vampire,Magic Origins,,,£0.20
2x,Sentinel Totem,Ixalan,,,£0.20
1x,Sentinel's Mark,Ravnica Allegiance,,,£0.20
2x,Seraph of the Suns,Mystery Booster,,,£0.20
2x,Serra Angel,Commander Anthology,,,£0.20
1x,Sharktocrab,Ravnica Allegiance,,,£0.20
1x,Shattered Perception,Dark Ascension,,,£0.20
2x,Shefet Monitor,Amonkhet,,,£0.20
2x,Shimmerwing Chimera,Theros Beyond Death,,,£0.20
1x,Shipwreck Singer,Mystery Booster,,,£0.20
1x,Sigiled Starfish,Mystery Booster,,,£0.20
1x,Silverstrike,Shadows over Innistrad,,,£0.20
1x,"Siona, Captain of the Pyleas",Theros Beyond Death,,,£0.20
1x,Sixth Sense,Amonkhet,,,£0.20
1x,Skatewing Spy,Ravnica Allegiance,,,£0.20
2x,Skeletal Scrying,Mystery Booster,,,£0.20
1x,Skeleton Key,Shadows over Innistrad,,,£0.20
2x,Skullknocker Ogre,Throne of Eldraine,,,£0.20
1x,Sky Terror,Ixalan,,,£0.20
1x,Sky Tether,Ravnica Allegiance,,,£0.20
1x,Sky Weaver,Tenth Edition,,,£0.20
2x,Skyrider Patrol,Core Set 2019,,,£0.20
1x,Slayer's Cleaver,Eldritch Moon,,,£0.20
1x,Sleep,Core Set 2019,,,£0.20
2x,Slice in Twain,Commander 2019,,,£0.20
2x,Slice in Twain,Ixalan,,,£0.20
2x,Slum Reaper,Battlebond,,,£0.20
1x,Smiting Helix,Mystery Booster,,,£0.20
1x,Smoldering Werewolf,Eldritch Moon,,,£0.20
1x,Snapping Sailback,Mystery Booster,,,£0.20
2x,Sphinx of New Prahv,Ravnica Allegiance,,,£0.20
1x,Sphinx of the Guildpact,Ravnica Allegiance,,,£0.20
1x,Spider Spawning,Innistrad,,,£0.20
2x,Spider Spawning,Mystery Booster,,,£0.20
1x,Spikeshot Goblin,Mystery Booster,,,£0.20
1x,Spire Mangler,Ravnica Allegiance,,,£0.20
1x,Spite // Malice,Invasion,,,£0.20
1x,Spiteful Motives,Shadows over Innistrad,,,£0.20
1x,Spore Swarm,Dominaria,,,£0.20
2x,Staff of the Death Magus,Magic 2015,,,£0.20
1x,Storm Fleet Aerialist,Ixalan,,,£0.20
1x,Storm Fleet Spy,Ixalan,,,£0.20
1x,Subjugator Angel,Eldritch Moon,,,£0.20
1x,Sudden Impact,Tenth Edition,,,£0.20
1x,Sultai Soothsayer,Mystery Booster,,,£0.20
1x,Sunhome Guildmage,Modern Masters 2017,,,£0.20
1x,Sunscourge Champion,Hour of Devastation,,,£0.20
1x,Sunset Pyramid,Mystery Booster,,,£0.20
1x,Surge Mare,Core Set 2019,,,£0.20
1x,Suspicious Bookcase,Core Set 2019,,,£0.20
1x,Swallowing Plague,Champions of Kamigawa,,,£0.20
3x,Tablet of the Guilds,Return to Ravnica,,,£0.20
1x,Tavern Swindler,Battlebond,,,£0.20
2x,Tavern Swindler,Mystery Booster,,,£0.20
1x,Teleportal,Modern Masters 2017,,,£0.20
1x,Thallid Soothsayer,Dominaria,,,£0.20
5x,Thassa's Rebuff,Born of the Gods,,,£0.20
2x,The Crowd Goes Wild,Mystery Booster,,,£0.20
1x,Thopter Arrest,Aether Revolt,,,£0.20
1x,Throes of Chaos,Modern Horizons,,,£0.20
2x,Thundering Spineback,Ixalan,,,£0.20
1x,"Tiana, Ship's Caretaker",Dominaria,,,£0.20
1x,"Tobita, Master of Winds",Champions of Kamigawa,,,£0.20
1x,Tooth and Claw,Eternal Masters,,,£0.20
1x,Topplegeist,Shadows over Innistrad,,,£0.20
1x,Tower Defense,Ravnica Allegiance,,,£0.20
2x,Tower Gargoyle,Mystery Booster,,,£0.20
1x,Trail of Crumbs,Throne of Eldraine,,,£0.20
4x,Treasured Find,Return to Ravnica,,,£0.20
2x,Trial of Ambition,Amonkhet,,,£0.20
1x,Triton Tactics,Mystery Booster,,,£0.20
3x,Trostani's Summoner,Dragon's Maze,,,£0.20
1x,Trove of Temptation,Ixalan,,,£0.20
2x,Ultimate Price,Return to Ravnica,,,£0.20
1x,Unraveling Mummy,Hour of Devastation,,,£0.20
1x,Untamed Kavu,Dominaria,,,£0.20
1x,Untethered Express,Aether Revolt,,,£0.20
1x,Urban Evolution,Commander 2019,,,£0.20
1x,Urza's Tome,Dominaria,,,£0.20
1x,"Valduk, Keeper of the Flame",Dominaria,,,£0.20
2x,Vampire Sovereign,Core Set 2019,,,£0.20
1x,Vengeance,Seventh Edition,,,£0.20
1x,Vengeful Rebel,Aether Revolt,,,£0.20
1x,Vigilant Baloth,Core Set 2019,,,£0.20
1x,Vindictive Vampire,Ravnica Allegiance,,,£0.20
2x,Void Squall,Dragons of Tarkir,,,£0.20
2x,Wall of Frost,Magic 2011,,,£0.20
2x,Wall of Frost,Magic 2014,,,£0.20
1x,Wasteland Viper,Gatecrash,,,£0.20
1x,Water Servant,Modern Masters 2015,,,£0.20
2x,Wayfaring Temple,Mystery Booster,,,£0.20
1x,Weapons Trainer,Mystery Booster,,,£0.20
1x,Whirler Virtuoso,Kaladesh,,,£0.20
1x,Wild Onslaught,Dominaria,,,£0.20
2x,Windborne Charge,Mystery Booster,,,£0.20
1x,Windscouter,Prophecy,,,£0.20
3x,Windstorm,Duel Decks Anthology: Garruk vs. Liliana,,,£0.20
1x,Windstorm Drake,Ravnica Allegiance,,,£0.20
2x,Wolfwillow Haven,Theros Beyond Death,,,£0.20
1x,Abundant Maw,Eldritch Moon,,,£0.19
1x,Abzan Battle Priest,Khans of Tarkir,,,£0.19
2x,Acolyte of Affliction,Theros Beyond Death,,,£0.19
2x,Advanced Stitchwing,Eldritch Moon,,,£0.19
1x,Aegis of the Heavens,Core Set 2019,,,£0.19
1x,Aerial Modification,Aether Revolt,,,£0.19
1x,Aerie Mystics,Commander 2013,,,£0.19
1x,Aeronaut Admiral,Aether Revolt,,,£0.19
3x,Ahn-Crop Crasher,Amonkhet,,,£0.19
1x,Airdrop Aeronauts,Aether Revolt,,,£0.19
1x,Angelic Armaments,Avacyn Restored,,,£0.19
3x,Angler Drake,Amonkhet,,,£0.19
1x,Archangel,Avacyn Restored,,,£0.19
4x,Archon of Falling Stars,Theros Beyond Death,,,£0.19
1x,Arctic Aven,Magic 2013,,,£0.19
1x,Azorius Justiciar,RNA Guild Kit,,,£0.19
1x,Azorius Keyrune,Return to Ravnica,,,£0.19
2x,Barrage of Expendables,Magic 2014,,,£0.19
5x,Barter in Blood,Avacyn Restored,,,£0.19
1x,Battering Wurm,Guildpact,,,£0.19
3x,Battlefield Scavenger,Amonkhet,,,£0.19
1x,Bear's Companion,Khans of Tarkir,,,£0.19
1x,Behemoth's Herald,Shards of Alara,,,£0.19
1x,Belle of the Brawl,Throne of Eldraine,,,£0.19
1x,Belligerent Brontodon,Ixalan,,,£0.19
1x,Blightcaster,Magic Origins,,,£0.19
2x,Blood Divination,Core Set 2019,,,£0.19
1x,Bloodthirsty Ogre,Champions of Kamigawa,,,£0.19
1x,Bog Naughty,Throne of Eldraine,,,£0.19
2x,Bonded Horncrest,Ixalan,,,£0.19
1x,Bound by Moonsilver,Shadows over Innistrad,,,£0.19
2x,Bramblecrush,Magic 2014,,,£0.19
1x,Briarbridge Patrol,Shadows over Innistrad,,,£0.19
1x,Bright Reprisal,Ixalan,,,£0.19
2x,Bull Cerodon,Shards of Alara,,,£0.19
1x,Burning-Fist Minotaur,Hour of Devastation,,,£0.19
4x,Carrion Call,Scars of Mirrodin,,,£0.19
1x,Chainweb Aracnir,Theros Beyond Death,,,£0.19
2x,Charging Monstrosaur,Ixalan,,,£0.19
1x,Chief of the Edge,Khans of Tarkir,,,£0.19
1x,Cloistered Youth,Innistrad,,,£0.19
5x,Commanding Presence,Theros Beyond Death,,,£0.19
1x,Conduit of Storms,Eldritch Moon,,,£0.19
1x,Congregate,Magic 2015,,,£0.19
2x,Consume Spirit,Magic 2012,,,£0.19
6x,Corrupt,Magic 2014,,,£0.19
1x,Crackdown Construct,Aether Revolt,,,£0.19
1x,Creeping Mold,Seventh Edition,,,£0.19
3x,Crocodile of the Crossing,Amonkhet,,,£0.19
1x,Crowned Ceratok,Duel Decks: Heroes vs. Monsters,,,£0.19
1x,Cult Guildmage,Ravnica Allegiance,,,£0.19
1x,Daggerclaw Imp,Guildpact,,,£0.19
1x,Deadeye Plunderers,Ixalan,,,£0.19
1x,Deathforge Shaman,Worldwake,,,£0.19
1x,Desperate Stand,Journey into Nyx,,,£0.19
1x,Devoted Crop-Mate,Amonkhet,,,£0.19
1x,Dinosaur Stampede,Ixalan,,,£0.19
1x,Dissension in the Ranks,Shadows over Innistrad,,,£0.19
1x,Dragon's Eye Savants,Khans of Tarkir,,,£0.19
3x,Dreamstalker Manticore,Theros Beyond Death,,,£0.19
1x,Drowned Rusalka,Guildpact,,,£0.19
2x,Dusk Legion Dreadnought,Ixalan,,,£0.19
1x,Duskborne Skymarcher,Ixalan,,,£0.19
2x,Elaborate Firecannon,Ixalan,,,£0.19
1x,Elfhame Druid,Dominaria,,,£0.19
1x,Emissary of Sunrise,Ixalan,,,£0.19
2x,Enchanted Carriage,Throne of Eldraine,,,£0.19
2x,Enemy of Enlightenment,Theros Beyond Death,,,£0.19
1x,Engineered Might,Mystery Booster,,,£0.19
1x,Enslave,New Phyrexia,,,£0.19
1x,Entomber Exarch,New Phyrexia,,,£0.19
2x,Entrancing Lyre,Theros Beyond Death,,,£0.19
1x,Erdwal Illuminator,Shadows over Innistrad,,,£0.19
3x,Escape Velocity,Theros Beyond Death,,,£0.19
2x,Eutropia the Twice-Favored,Theros Beyond Death,,,£0.19
1x,Face of Divinity,Modern Horizons,,,£0.19
2x,Faerie Impostor,Return to Ravnica,,,£0.19
1x,Fairgrounds Trumpeter,Kaladesh,,,£0.19
1x,Faith Unbroken,Eldritch Moon,,,£0.19
3x,Fateful End,Theros Beyond Death,,,£0.19
2x,Favored of Iroas,Theros Beyond Death,,,£0.19
1x,Fiery Finish,Core Set 2019,,,£0.19
1x,Fire-Field Ogre,Shards of Alara,,,£0.19
1x,First Response,Magic 2015,,,£0.19
1x,Flaxen Intruder // Welcome Home,Throne of Eldraine,,,£0.19
1x,Flayed Nim,Mirrodin,,,£0.19
2x,Flitterstep Eidolon,Born of the Gods,,,£0.19
1x,Foul Emissary,Eldritch Moon,,,£0.19
1x,Foundry Hornet,Aether Revolt,,,£0.19
2x,Galestrike,Amonkhet,,,£0.19
1x,Galvanic Juggernaut,Innistrad,,,£0.19
1x,Gearshift Ace,Kaladesh,,,£0.19
1x,Geistblast,Shadows over Innistrad,,,£0.19
1x,Genju of the Spires,Mystery Booster,,,£0.19
1x,Ghastbark Twins,Core Set 2019,,,£0.19
2x,Ghirapur Guide,Core Set 2019,,,£0.19
1x,Giant Opportunity,Throne of Eldraine,,,£0.19
2x,Gift of Orzhova,Gatecrash,,,£0.19
1x,Give // Take,Dragon's Maze,,,£0.19
1x,Give No Ground,Eldritch Moon,,,£0.19
1x,Glorifier of Dusk,Ixalan,,,£0.19
3x,Gnawing Zombie,Magic 2014,,,£0.19
1x,Goblin Bangchuckers,Magic 2012,,,£0.19
2x,Gold-Forged Sentinel,Magic Origins,,,£0.19
1x,Goldnight Redeemer,Avacyn Restored,,,£0.19
3x,Golgari Keyrune,Return to Ravnica,,,£0.19
3x,Grim Captain's Call,Ixalan,,,£0.19
2x,Grim Strider,Amonkhet,,,£0.19
1x,Gruul Charm,Gatecrash,,,£0.19
1x,Gruul War Chant,Dragon's Maze,,,£0.19
1x,Hammer of Ruin,Worldwake,,,£0.19
1x,Hana Kami,Champions of Kamigawa,,,£0.19
1x,Heartless Pillage,Ixalan,,,£0.19
1x,Hero of the Winds,Theros Beyond Death,,,£0.19
2x,Heroes of the Revel,Theros Beyond Death,,,£0.19
1x,Horizon Scholar,Core Set 2019,,,£0.19
1x,Horizon Seed,Champions of Kamigawa,,,£0.19
2x,Hunt the Hunter,Theros,,,£0.19
1x,Impending Doom,Theros Beyond Death,,,£0.19
2x,Imperial Aerosaur,Ixalan,,,£0.19
1x,Imperial Lancer,Ixalan,,,£0.19
1x,Inferno Hellion,Core Set 2019,,,£0.19
1x,Inferno Jet,Hour of Devastation,,,£0.19
1x,Inspiring Cleric,Ixalan,,,£0.19
1x,Interpret the Signs,Journey into Nyx,,,£0.19
1x,Into the Void,Avacyn Restored,,,£0.19
1x,Ironclad Revolutionary,Aether Revolt,,,£0.19
1x,Janjeet Sentry,Kaladesh,,,£0.19
1x,Jayemdae Tome,Magic Origins,,,£0.19
1x,Jeskai Charm,Khans of Tarkir,,,£0.19
2x,Juggernaut,Dominaria,,,£0.19
1x,Kalonian Tusker,Magic 2014,,,£0.19
1x,Kin-Tree Invocation,Khans of Tarkir,,,£0.19
1x,Kin-Tree Invocation,Mystery Booster,,,£0.19
1x,Labyrinth Guardian,Amonkhet,,,£0.19
1x,Lashweed Lurker,Eldritch Moon,,,£0.19
1x,Lay Claim,Amonkhet,,,£0.19
1x,Lifecraft Awakening,Aether Revolt,,,£0.19
1x,Lifecrafter's Gift,Aether Revolt,,,£0.19
1x,Liliana's Elite,Eldritch Moon,,,£0.19
1x,Lurking Chupacabra,Ixalan,,,£0.19
1x,Mad Prophet,Shadows over Innistrad,,,£0.19
1x,Mad Ratter,Throne of Eldraine,,,£0.19
1x,Magma Jet,Theros,,,£0.19
2x,Makeshift Munitions,Ixalan,,,£0.19
1x,Malevolent Whispers,Shadows over Innistrad,,,£0.19
1x,Mana Seism,Champions of Kamigawa,,,£0.19
1x,Mardu Blazebringer,Khans of Tarkir,,,£0.19
1x,Markov Crusader,Eldritch Moon,,,£0.19
1x,Marrow Shards,New Phyrexia,,,£0.19
3x,Maulfist Revolutionary,Aether Revolt,,,£0.19
1x,Mercurial Geists,Eldritch Moon,,,£0.19
2x,Mercurial Geists,Mystery Booster,,,£0.19
1x,Mistfire Adept,Fate Reforged,,,£0.19
1x,Mockery of Nature,Eldritch Moon,,,£0.19
2x,Molten Birth,Magic 2014,,,£0.19
1x,Murder Investigation,Magic Origins,,,£0.19
1x,Mysterious Pathlighter,Throne of Eldraine,,,£0.19
1x,Nightmare's Thirst,Core Set 2019,,,£0.19
1x,Nine-Ringed Bo,Champions of Kamigawa,,,£0.19
1x,No-Dachi,Champions of Kamigawa,,,£0.19
1x,Ogre Taskmaster,Seventh Edition,,,£0.19
4x,Oketra's Attendant,Amonkhet,,,£0.19
1x,Onward // Victory,Amonkhet,,,£0.19
3x,Opportunity,Commander 2013,,,£0.19
1x,Opportunity,Magic 2014,,,£0.19
1x,Orcish Vandal,Dominaria,,,£0.19
2x,Ordeal of Heliod,Theros,,,£0.19
2x,Orzhov Keyrune,Gatecrash,,,£0.19
1x,Peema Aether-Seer,Aether Revolt,,,£0.19
1x,Perilous Voyage,Ixalan,,,£0.19
2x,Phantom General,Return to Ravnica,,,£0.19
4x,Pheres-Band Brawler,Theros Beyond Death,,,£0.19
1x,Protection of the Hekma,Amonkhet,,,£0.19
2x,Rakdos Cackler,Return to Ravnica,,,£0.19
1x,Rakdos Firewheeler,Ravnica Allegiance,,,£0.19
3x,Rakdos Keyrune,Return to Ravnica,,,£0.19
1x,Rallying Roar,Ixalan,,,£0.19
1x,Recollect,Core Set 2019,,,£0.19
1x,Renowned Weaponsmith,Fate Reforged,,,£0.19
5x,Restore the Peace,Dragon's Maze,,,£0.19
2x,Retributive Wand,Core Set 2020,,,£0.19
1x,Rigging Runner,Ixalan,,,£0.19
2x,Rise from the Grave,Core Set 2019,,,£0.19
2x,Rise to Glory,Theros Beyond Death,,,£0.19
1x,Salvager of Ruin,Core Set 2020,,,£0.19
1x,Sanctum Spirit,Dominaria,,,£0.19
3x,Scaled Behemoth,Amonkhet,,,£0.19
1x,Scholar of the Ages,Core Set 2020,,,£0.19
1x,Sea God's Scorn,Theros Beyond Death,,,£0.19
1x,Sealock Monster,Duel Decks: Elspeth vs. Kiora,,,£0.19
2x,Selesnya Keyrune,Return to Ravnica,,,£0.19
1x,Sentinel of the Pearl Trident,Dominaria,,,£0.19
1x,Seraph of the Suns,Amonkhet,,,£0.19
2x,Serra Angel,Magic 2014,,,£0.19
1x,Setessan Petitioner,Theros Beyond Death,,,£0.19
1x,Shadowstorm Vizier,Amonkhet,,,£0.19
1x,Sharpened Pitchfork,Innistrad,,,£0.19
2x,Shepherd of the Flock // Usher to Safety,Throne of Eldraine,,,£0.19
4x,Shoal Kraken,Theros Beyond Death,,,£0.19
1x,Siegebreaker Giant,Core Set 2019,,,£0.19
2x,Sift,Core Set 2019,,,£0.19
1x,Simic Keyrune,Commander 2015,,,£0.19
1x,Sin Collector,Dragon's Maze,,,£0.19
5x,Siren of the Fanged Coast,Born of the Gods,,,£0.19
2x,Skymark Roc,Return to Ravnica,,,£0.19
1x,Skyship Plunderer,Aether Revolt,,,£0.19
2x,Slavering Nulls,Worldwake,,,£0.19
1x,Slice in Twain,Scars of Mirrodin,,,£0.19
1x,Slitherhead,Return to Ravnica,,,£0.19
1x,Snare Thopter,Kaladesh,,,£0.19
1x,Sorcerer's Broom,Mystery Booster,,,£0.19
1x,Sorcerer's Broom,Throne of Eldraine,,,£0.19
1x,Sorcerer's Wand,Dominaria,,,£0.19
1x,Spellheart Chimera,Commander 2016,,,£0.19
1x,Spire Patrol,Aether Revolt,,,£0.19
2x,Spite of Mogis,Journey into Nyx,,,£0.19
1x,Spring // Mind,Amonkhet,,,£0.19
2x,Squelching Leeches,Journey into Nyx,,,£0.19
1x,Start // Finish,Amonkhet,,,£0.19
1x,Steadfast Armasaur,Ixalan,,,£0.19
1x,Storm Fleet Arsonist,Ixalan,,,£0.19
2x,Strength from the Fallen,Journey into Nyx,,,£0.19
1x,Sultai Soothsayer,Khans of Tarkir,,,£0.19
1x,Switcheroo,Core Set 2019,,,£0.19
1x,Synchronized Strike,Amonkhet,,,£0.19
1x,Syncopate,GRN Guild Kit,,,£0.19
1x,"Syr Carah, the Bold",Throne of Eldraine,,,£0.19
1x,Take Up Arms,Khans of Tarkir,,,£0.19
2x,Tangleclaw Werewolf,Eldritch Moon,,,£0.19
1x,Tectonic Rift,Core Set 2019,,,£0.19
1x,Teleportal,Return to Ravnica,,,£0.19
1x,Tempest Caller,Ixalan,,,£0.19
1x,Temur Charger,Khans of Tarkir,,,£0.19
3x,Tethmos High Priest,Journey into Nyx,,,£0.19
1x,Tezzeret's Touch,Aether Revolt,,,£0.19
2x,Thirsting Axe,Eldritch Moon,,,£0.19
1x,Threnody Singer,Theros Beyond Death,,,£0.19
2x,Thundering Chariot,Theros Beyond Death,,,£0.19
1x,Thunderous Snapper,Throne of Eldraine,,,£0.19
1x,Time of Ice,Dominaria,,,£0.19
3x,Time to Reflect,Amonkhet,,,£0.19
2x,Toil // Trouble,Dragon's Maze,,,£0.19
1x,Town Gossipmonger,Shadows over Innistrad,,,£0.19
1x,Trial of Knowledge,Amonkhet,,,£0.19
2x,Trial of Solidarity,Amonkhet,,,£0.19
2x,Trial of Strength,Amonkhet,,,£0.19
2x,Trial of Zeal,Amonkhet,,,£0.19
1x,Triton Tactics,Duel Decks: Merfolk vs. Goblins,,,£0.19
2x,Trueheart Duelist,Amonkhet,,,£0.19
1x,Trueheart Twins,Amonkhet,,,£0.19
1x,Trusty Companion,Kaladesh,,,£0.19
1x,Turn // Burn,Dragon's Maze,,,£0.19
1x,Underhanded Designs,Kaladesh,,,£0.19
1x,Underworld Coinsmith,Journey into Nyx,,,£0.19
2x,Underworld Fires,Theros Beyond Death,,,£0.19
1x,Unlicensed Disintegration,Kaladesh,,,£0.19
1x,Vexing Scuttler,Eldritch Moon,,,£0.19
1x,Vineshaper Mystic,Ixalan,,,£0.19
1x,Viridian Revel,Scars of Mirrodin,,,£0.19
1x,Visionary Augmenter,Kaladesh,,,£0.19
3x,Vizier of Deferment,Amonkhet,,,£0.19
1x,Volcanic Dragon,Core Set 2019,,,£0.19
1x,Wanted Scoundrels,Ixalan,,,£0.19
1x,Warden of Evos Isle,Core Set 2020,,,£0.19
3x,Warden of Evos Isle,Magic 2014,,,£0.19
3x,Warden of the Chained,Theros Beyond Death,,,£0.19
1x,Warfire Javelineer,Amonkhet,,,£0.19
2x,Warleader's Helix,Dragon's Maze,,,£0.19
2x,Watchers of the Dead,Amonkhet,,,£0.19
1x,Watchful Naga,Amonkhet,,,£0.19
1x,Wind-Kin Raiders,Aether Revolt,,,£0.19
1x,Wispweaver Angel,Kaladesh,,,£0.19
4x,Wreath of Geists,Innistrad,,,£0.19
1x,Wurm's Tooth,Magic 2012,,,£0.19
2x,Zenith Seeker,Amonkhet,,,£0.19
2x,Adverse Conditions,Battle for Zendikar,,,£0.18
2x,Aerie Worshippers,Born of the Gods,,,£0.18
1x,Air Servant,Modern Masters 2015,,,£0.18
7x,Akroan Phalanx,Born of the Gods,,,£0.18
1x,Alabaster Mage,Magic 2012,,,£0.18
1x,Alive // Well,Dragon's Maze,,,£0.18
1x,Appetite for Brains,Avacyn Restored,,,£0.18
2x,Aquus Steed,Return to Ravnica,,,£0.18
1x,Arborback Stomper,Kaladesh,,,£0.18
4x,Archweaver,Return to Ravnica,,,£0.18
3x,Arrest,Return to Ravnica,,,£0.18
1x,Artificer's Hex,Magic 2014,,,£0.18
4x,Ascended Lawmage,Dragon's Maze,,,£0.18
3x,Ashiok's Adept,Born of the Gods,,,£0.18
1x,Assassin's Strike,Return to Ravnica,,,£0.18
5x,Black Oak of Odunos,Born of the Gods,,,£0.18
5x,Blast of Genius,Dragon's Maze,,,£0.18
5x,Blaze Commando,Dragon's Maze,,,£0.18
3x,Bloodshot Trainee,Future Sight,,,£0.18
1x,Bloodsoaked Altar,Core Set 2020,,,£0.18
1x,Bone to Ash,Core Set 2019,,,£0.18
4x,Briarpack Alpha,Dark Ascension,,,£0.18
4x,Bronzebeak Moa,Dragon's Maze,,,£0.18
1x,Brushstrider,Return to Ravnica,,,£0.18
2x,Call of the Conclave,Return to Ravnica,,,£0.18
1x,Careless Celebrant,Theros Beyond Death,,,£0.18
1x,Chronicler of Heroes,Iconic Masters,,,£0.18
2x,Civic Saber,Return to Ravnica,,,£0.18
1x,Colossal Heroics,Journey into Nyx,,,£0.18
1x,Cone of Flame,Magic 2015,,,£0.18
3x,Congregate,Magic 2014,,,£0.18
2x,Corpse Traders,Avacyn Restored,,,£0.18
1x,Cower in Fear,Magic 2013,,,£0.18
1x,Crook of Condemnation,Hour of Devastation,,,£0.18
1x,Crowned Ceratok,Gatecrash,,,£0.18
2x,Dark Revenant,Return to Ravnica,,,£0.18
2x,Dawn Evangel,Theros Beyond Death,,,£0.18
1x,Deem Worthy,Amonkhet,,,£0.18
2x,Deft Dismissal,Aether Revolt,,,£0.18
2x,Deserter's Quarters,Journey into Nyx,,,£0.18
1x,Devourer of Memory,Theros Beyond Death,,,£0.18
2x,Disciple of Griselbrand,Innistrad,,,£0.18
2x,Down // Dirty,Dragon's Maze,,,£0.18
2x,Dreamshaper Shaman,Theros Beyond Death,,,£0.18
1x,Dreg Mangler,Return to Ravnica,,,£0.18
3x,Elusive Krasis,Gatecrash,,,£0.18
1x,Ember Hauler,Core Set 2020,,,£0.18
1x,Ephara's Enlightenment,Born of the Gods,,,£0.18
3x,Everflame Eidolon,Born of the Gods,,,£0.18
4x,Fall of the Gavel,Return to Ravnica,,,£0.18
5x,Fanatic of Xenagos,Born of the Gods,,,£0.18
2x,Feral Animist,Dragon's Maze,,,£0.18
1x,Fleetfeather Cockatrice,Journey into Nyx,,,£0.18
1x,Fleeting Memories,Shadows over Innistrad,,,£0.18
3x,Fleshpulper Giant,Magic 2014,,,£0.18
1x,Fluxcharger,Dragon's Maze,,,£0.18
1x,Furnace Whelp,Magic 2013,,,£0.18
1x,Gargoyle Sentinel,Core Set 2019,,,£0.18
1x,Gavony Ironwright,Dark Ascension,,,£0.18
1x,Ghostblade Eidolon,Born of the Gods,,,£0.18
5x,Gleam of Battle,Dragon's Maze,,,£0.18
3x,Glimpse of Freedom,Theros Beyond Death,,,£0.18
3x,Glimpse the Sun God,Born of the Gods,,,£0.18
1x,Gobbling Ooze,Return to Ravnica,,,£0.18
1x,Goblin Rally,GRN Guild Kit,,,£0.18
4x,Goblin Test Pilot,Dragon's Maze,,,£0.18
3x,God-Favored General,Born of the Gods,,,£0.18
1x,Gold-Forged Sentinel,Journey into Nyx,,,£0.18
2x,Golgari Decoy,Return to Ravnica,,,£0.18
1x,Gravedigger,Amonkhet,,,£0.18
3x,Grim Flowering,Dark Ascension,,,£0.18
1x,Gruesome Scourger,Core Set 2020,,,£0.18
1x,Hamlet Captain,Innistrad,,,£0.18
2x,Haunter of Nightveil,Dragon's Maze,,,£0.18
1x,Heir of the Wilds,Khans of Tarkir,,,£0.18
2x,Heliod's Emissary,Theros,,,£0.18
5x,Hellhole Flailer,Return to Ravnica,,,£0.18
1x,Herald of the Sun,Core Set 2020,,,£0.18
1x,Homicidal Seclusion,Avacyn Restored,,,£0.18
1x,Howling Giant,Core Set 2020,,,£0.18
1x,Ichor Explosion,New Phyrexia,,,£0.18
1x,Inevitable End,Theros Beyond Death,,,£0.18
1x,Inferno Trap,Zendikar,,,£0.18
2x,Insatiable Harpy,Theros,,,£0.18
1x,Ironroot Warlord,Core Set 2020,,,£0.18
1x,Jayemdae Tome,Magic 2013,,,£0.18
4x,Klothys's Design,Theros Beyond Death,,,£0.18
1x,Knight of Obligation,Gatecrash,,,£0.18
1x,Knowledge and Power,Journey into Nyx,,,£0.18
2x,Korozda Guildmage,Return to Ravnica,,,£0.18
1x,Kraken's Eye,Magic 2011,,,£0.18
2x,Lagonna-Band Storyteller,Theros Beyond Death,,,£0.18
1x,Leonin Iconoclast,Journey into Nyx,,,£0.18
1x,Lightning Prowess,Avacyn Restored,,,£0.18
1x,Lingering Phantom,Dominaria,,,£0.18
1x,Lyev Skyknight,Return to Ravnica,,,£0.18
2x,Maalfeld Twins,Avacyn Restored,,,£0.18
1x,Mask of Immolation,Core Set 2020,,,£0.18
5x,Meletis Astronomer,Born of the Gods,,,£0.18
6x,Millstone,Magic 2014,,,£0.18
1x,Mischief and Mayhem,Born of the Gods,,,£0.18
3x,Mischievous Chimera,Theros Beyond Death,,,£0.18
1x,Monstrous Onslaught,Aether Revolt,,,£0.18
1x,Murder of Crows,Innistrad,,,£0.18
1x,Necrogen Scudder,Magic 2015,,,£0.18
4x,Nessian Demolok,Born of the Gods,,,£0.18
2x,Nessian Wanderer,Theros Beyond Death,,,£0.18
3x,Noble Quarry,Born of the Gods,,,£0.18
2x,Nyx Herald,Theros Beyond Death,,,£0.18
2x,Oak Street Innkeeper,Return to Ravnica,,,£0.18
1x,Ogre Siegebreaker,Core Set 2020,,,£0.18
1x,One Thousand Lashes,Gatecrash,,,£0.18
2x,One with the Stars,Theros Beyond Death,,,£0.18
1x,Outland Boar,Aether Revolt,,,£0.18
2x,Peregrination,Born of the Gods,,,£0.18
1x,Perilous Predicament,Aether Revolt,,,£0.18
1x,Phalanx Formation,Journey into Nyx,,,£0.18
2x,Pharika's Spawn,Theros Beyond Death,,,£0.18
1x,Pyroconvergence,Return to Ravnica,,,£0.18
1x,Rain of Blades,Magic 2013,,,£0.18
3x,Rakdos Ragemutt,Return to Ravnica,,,£0.18
8x,Reap What Is Sown,Born of the Gods,,,£0.18
2x,Renewed Faith,Amonkhet,,,£0.18
1x,Resolute Rider,Throne of Eldraine,,,£0.18
2x,Riddle of Lightning,Journey into Nyx,,,£0.18
1x,Ritual of the Returned,Journey into Nyx,,,£0.18
2x,River Sneak,Ixalan,,,£0.18
1x,Riverwheel Aerialists,Khans of Tarkir,,,£0.18
1x,Rix Maadi Guildmage,Return to Ravnica,,,£0.18
2x,Sacred Excavation,Amonkhet,,,£0.18
2x,Sage of Mysteries,Theros Beyond Death,,,£0.18
4x,Sanguimancy,Born of the Gods,,,£0.18
1x,Savage Surge,Return to Ravnica,,,£0.18
1x,Savvy Hunter,Throne of Eldraine,,,£0.18
1x,Second Guess,Avacyn Restored,,,£0.18
5x,Seek the Horizon,Return to Ravnica,,,£0.18
4x,Shrike Harpy,Born of the Gods,,,£0.18
1x,Sightless Brawler,Journey into Nyx,,,£0.18
5x,Siren Song Lyre,Born of the Gods,,,£0.18
1x,Skarrgan Skybreaker,Duel Decks: Heroes vs. Monsters,,,£0.18
1x,Skirsdag Cultist,Innistrad,,,£0.18
2x,Skophos Maze-Warden,Theros Beyond Death,,,£0.18
2x,Skyreaping,Born of the Gods,,,£0.18
2x,Slaughter-Priest of Mogis,Theros Beyond Death,,,£0.18
1x,Sleek Schooner,Ixalan,,,£0.18
2x,Slime Molding,Return to Ravnica,,,£0.18
2x,Soul Tithe,Return to Ravnica,,,£0.18
1x,Spike Jester,Dragon's Maze,,,£0.18
1x,Spiteful Blow,Journey into Nyx,,,£0.18
2x,Spiteful Returned,Born of the Gods,,,£0.18
2x,Staff of the Death Magus,Magic 2014,,,£0.18
2x,Staff of the Flame Magus,Magic 2015,,,£0.18
2x,Staff of the Mind Magus,Magic 2015,,,£0.18
1x,Staff of the Sun Magus,Magic 2015,,,£0.18
1x,Staff of the Wild Magus,Magic 2015,,,£0.18
1x,Stonewright,Avacyn Restored,,,£0.18
1x,Stormchaser Chimera,Journey into Nyx,,,£0.18
4x,Street Spasm,Return to Ravnica,,,£0.18
1x,Swarm of Bloodflies,Khans of Tarkir,,,£0.18
2x,Sweet Oblivion,Theros Beyond Death,,,£0.18
3x,Thoughtflare,Return to Ravnica,,,£0.18
1x,Thoughtrender Lamia,Journey into Nyx,,,£0.18
3x,Thrill-Kill Assassin,Return to Ravnica,,,£0.18
5x,Thunderous Might,Born of the Gods,,,£0.18
1x,Topan Ascetic,Shards of Alara,,,£0.18
1x,Tormented Thoughts,Journey into Nyx,,,£0.18
3x,Trigon of Infestation,Scars of Mirrodin,,,£0.18
1x,Triton Cavalry,Journey into Nyx,,,£0.18
3x,Triton Tactics,Theros,,,£0.18
2x,Triumph of Cruelty,Avacyn Restored,,,£0.18
4x,Vanquish the Foul,Theros,,,£0.18
2x,Vengeful Vampire,Dark Ascension,,,£0.18
1x,Vile Manifestation,Hour of Devastation,,,£0.18
2x,Village Cannibals,Innistrad,,,£0.18
2x,Vitu-Ghazi Guildmage,Return to Ravnica,,,£0.18
4x,Voracious Wurm,Magic 2014,,,£0.18
4x,Vortex Elemental,Born of the Gods,,,£0.18
1x,Wall of Limbs,Magic 2015,,,£0.18
1x,War Priest of Thune,Magic 2013,,,£0.18
3x,Warped Physique,Dragon's Maze,,,£0.18
1x,Warriors' Lesson,Theros,,,£0.18
1x,Whirlermaker,Kaladesh,,,£0.18
3x,Wildfire Cerberus,Journey into Nyx,,,£0.18
1x,Windstorm,Magic 2010,,,£0.18
1x,Windstorm,Magic 2014,,,£0.18
1x,Wintermoor Commander,Throne of Eldraine,,,£0.18
2x,Woodlot Crawler,Dragon's Maze,,,£0.18
1x,Xathrid Slyblade,Magic 2015,,,£0.18
6x,Acolyte's Reward,Born of the Gods,,,£0.18
1x,Akroan Line Breaker,Journey into Nyx,,,£0.18
2x,"Alirios, Enraptured",Theros Beyond Death,,,£0.18
2x,Arena Athlete,Theros,,,£0.18
2x,Avacyn's Collar,Dark Ascension,,,£0.18
3x,Azorius Justiciar,Return to Ravnica,,,£0.18
2x,Battlewise Hoplite,Theros,,,£0.18
3x,Bazaar Krovod,Return to Ravnica,,,£0.18
1x,Blessing,Magic 2014,,,£0.18
1x,Bramblecrush,Innistrad,,,£0.18
3x,Centaur Battlemaster,Theros,,,£0.18
1x,Cleaver Riot,Magic 2013,,,£0.18
3x,Consign to Dust,Journey into Nyx,,,£0.18
2x,Coordinated Assault,Theros,,,£0.18
1x,Crystalline Nautilus,Journey into Nyx,,,£0.18
1x,Cyclops of Eternal Fury,Journey into Nyx,,,£0.18
1x,Debtor's Pulpit,Gatecrash,,,£0.18
3x,Enlarge,Magic 2014,,,£0.18
3x,Eternity Snare,Born of the Gods,,,£0.18
1x,Farbog Boneflinger,Dark Ascension,,,£0.18
2x,Fencing Ace,Return to Ravnica,,,£0.18
4x,Forlorn Pseudamma,Born of the Gods,,,£0.18
2x,Frenzied Tilling,Gatecrash,,,£0.18
2x,Gainsay,Theros,,,£0.18
2x,Glare of Heresy,Theros,,,£0.18
1x,Glimpse the Future,Magic 2014,,,£0.18
1x,Grasp of Phantoms,Innistrad,,,£0.18
2x,Heliod's Punishment,Theros Beyond Death,,,£0.18
1x,Hero of the Nyxborn,Theros Beyond Death,,,£0.18
2x,Heroes' Reunion,Return to Ravnica,,,£0.18
1x,Hold the Gates,Gatecrash,,,£0.18
1x,Hollowhenge Spirit,Dark Ascension,,,£0.18
1x,Hour of Need,Journey into Nyx,,,£0.18
1x,Illusionary Armor,Magic 2014,,,£0.18
5x,Jelenn Sphinx,Dragon's Maze,,,£0.18
2x,Kiora's Dismissal,Journey into Nyx,,,£0.18
3x,Korozda Gorgon,Dragon's Maze,,,£0.18
2x,Kragma Warcaller,Theros,,,£0.18
5x,Krasis Incubation,Dragon's Maze,,,£0.18
6x,Lightning Volley,Born of the Gods,,,£0.18
3x,Limits of Solidarity,Amonkhet,,,£0.18
2x,Loyal Pegasus,Core Set 2020,,,£0.18
2x,Markov Warlord,Dark Ascension,,,£0.18
3x,Marrow Bats,Avacyn Restored,,,£0.18
1x,Master the Way,Khans of Tarkir,,,£0.18
2x,Maw of the Obzedat,Dragon's Maze,,,£0.18
1x,Miming Slime,Gatecrash,,,£0.18
1x,Minion's Return,Theros Beyond Death,,,£0.18
1x,Mogis's Marauder,Theros,,,£0.18
2x,Mogis's Warhound,Journey into Nyx,,,£0.18
1x,Nemesis of Mortals,Theros,,,£0.18
1x,Nessian Hornbeetle,Theros Beyond Death,,,£0.18
1x,New Prahv Guildmage,Return to Ravnica,,,£0.18
2x,Nylea's Emissary,Theros,,,£0.18
5x,Oracle's Insight,Born of the Gods,,,£0.18
2x,Ordeal of Thassa,Theros,,,£0.18
4x,Ornitharch,Born of the Gods,,,£0.18
2x,Pheres-Band Raiders,Born of the Gods,,,£0.18
2x,Pinnacle of Rage,Born of the Gods,,,£0.18
6x,Purphoros's Emissary,Theros,,,£0.18
1x,Quarry Colossus,Journey into Nyx,,,£0.18
2x,Racecourse Fury,Return to Ravnica,,,£0.18
2x,Rakdos Ringleader,Return to Ravnica,,,£0.18
2x,Reviving Melody,Journey into Nyx,,,£0.18
2x,Riptide Chimera,Journey into Nyx,,,£0.18
2x,Rollick of Abandon,Journey into Nyx,,,£0.18
3x,Rot Farm Skeleton,Dragon's Maze,,,£0.18
1x,Satyr Nyx-Smith,Born of the Gods,,,£0.18
1x,Satyr Piper,Theros,,,£0.18
6x,Showstopper,Dragon's Maze,,,£0.18
1x,Shreds of Sanity,Eldritch Moon,,,£0.18
1x,Skarrg Guildmage,Gatecrash,,,£0.18
1x,Slum Reaper,Return to Ravnica,,,£0.18
5x,Soulsworn Spirit,Return to Ravnica,,,£0.18
1x,Spirespine,Journey into Nyx,,,£0.18
2x,Staff of the Flame Magus,Magic 2014,,,£0.18
1x,Staff of the Wild Magus,Magic 2014,,,£0.18
2x,Stir the Sands,Amonkhet,,,£0.18
4x,Stormcaller of Keranos,Born of the Gods,,,£0.18
2x,Street Sweeper,Return to Ravnica,,,£0.18
4x,The Triumph of Anax,Theros Beyond Death,,,£0.18
6x,Thunder Brute,Born of the Gods,,,£0.18
1x,Tower Geist,Dark Ascension,,,£0.18
2x,Triton Fortune Hunter,Theros,,,£0.18
1x,Vampire Warlord,Magic 2014,,,£0.18
2x,Vial of Poison,Magic 2014,,,£0.18
1x,Village Survivors,Dark Ascension,,,£0.18
1x,Vorstclaw,Avacyn Restored,,,£0.18
2x,Wakedancer,Dark Ascension,,,£0.18
1x,Wall of Swords,Magic 2014,,,£0.18
2x,Whitewater Naiads,Journey into Nyx,,,£0.18
2x,Witches' Eye,Theros,,,£0.18
1x,Woodborn Behemoth,Magic 2014,,,£0.18
2x,Zanikev Locust,Return to Ravnica,,,£0.18
1x,Anvilwrought Raptor,Theros,,,£0.17
2x,Artisan's Sorrow,Theros,,,£0.17
2x,Blood Aspirant,Theros Beyond Death,,,£0.17
2x,Bloodfray Giant,Return to Ravnica,,,£0.17
1x,Coerced Confession,Gatecrash,,,£0.17
1x,Crackling Perimeter,Gatecrash,,,£0.17
1x,Dauntless Onslaught,Theros,,,£0.17
1x,Decorated Griffin,Theros,,,£0.17
4x,Dying Wish,Gatecrash,,,£0.17
1x,Flamecast Wheel,Theros,,,£0.17
3x,Flames of the Firebrand,Magic 2014,,,£0.17
3x,Flamespeaker Adept,Theros,,,£0.17
1x,Fortress Cyclops,Gatecrash,,,£0.17
3x,Harrowing Journey,Dark Ascension,,,£0.17
1x,Keepsake Gorgon,Theros,,,£0.17
1x,Labyrinth Guardian,Mystery Booster,,,£0.17
1x,Moan of the Unhallowed,Innistrad,,,£0.17
2x,Nessian Game Warden,Journey into Nyx,,,£0.17
1x,Ordruun Veteran,Gatecrash,,,£0.17
1x,Phalanx Tactics,Theros Beyond Death,,,£0.17
4x,Phantom Warrior,Magic 2014,,,£0.17
1x,Pharika's Mender,Theros,,,£0.17
1x,Profit // Loss,Dragon's Maze,,,£0.17
1x,Protect // Serve,Dragon's Maze,,,£0.17
5x,Reverent Hoplite,Theros Beyond Death,,,£0.17
2x,Risen Sanctuary,Return to Ravnica,,,£0.17
4x,Rites of Reaping,Return to Ravnica,,,£0.17
3x,Sapphire Drake,Gatecrash,,,£0.17
4x,Scab-Clan Giant,Dragon's Maze,,,£0.17
1x,Sentry of the Underworld,Theros,,,£0.17
1x,Shiv's Embrace,Magic 2014,,,£0.17
5x,Skyline Predator,Return to Ravnica,,,£0.17
2x,Smog Elemental,Gatecrash,,,£0.17
5x,Species Gorger,Dragon's Maze,,,£0.17
3x,Spell Blast,Magic 2014,,,£0.17
1x,Stinging Lionfish,Theros Beyond Death,,,£0.17
3x,Stonehorn Chanter,Magic 2014,,,£0.17
1x,Thassa's Emissary,Theros,,,£0.17
1x,Thassa's Ire,Journey into Nyx,,,£0.17
3x,The Binding of the Titans,Theros Beyond Death,,,£0.17
1x,Tormented Hero,Theros,,,£0.17
2x,Volcanic Geyser,Magic 2014,,,£0.17
3x,Weaver of Currents,Amonkhet,,,£0.17
1x,Air Servant,Welcome Deck 2016,,,£0.16
1x,Duskmantle Prowler,Magic 2013,,,£0.16
1x,Evangel of Heliod,Theros,,,£0.16
1x,Killing Glare,Gatecrash,,,£0.16
1x,Merfolk of the Depths,Gatecrash,,,£0.16
1x,Slayer of the Wicked,Duel Decks: Blessed vs. Cursed,,,£0.16
1x,Water Servant,Magic 2014,,,£0.16
1x,Blasting Station,Mystery Booster Retail Edition Foils,Foil,,£2.50
1x,Bramblewood Paragon,Mystery Booster Retail Edition Foils,Foil,,£1.10
1x,Changeling Hero,Mystery Booster Retail Edition Foils,Foil,,£0.30
1x,Corpse Knight,Core 2020,,,£0.30
2x,Delay,Mystery Booster Retail Edition Foils,Foil,,£1.00
1x,Eidolon of Rhetoric,Mystery Booster Retail Edition Foils,Foil,,£1.80
1x,Flamekin Harbinger,Mystery Booster Retail Edition Foils,Foil,,£1.50
1x,Geth's Grimoire,Mystery Booster Retail Edition Foils,Foil,,£3.00
2x,Gilder Bairn,Mystery Booster Retail Edition Foils,Foil,,£1.60
1x,Harmonic Sliver,Mystery Booster Retail Edition Foils,Foil,,£1.40
1x,Lantern of Insight,Mystery Booster Retail Edition Foils,Foil,,£5.00
2x,Memnite,Mystery Booster Retail Edition Foils,Foil,,£1.00
1x,Mind Funeral,Mystery Booster Retail Edition Foils,Foil,,£1.50
2x,Rescue from the Underworld,Mystery Booster Retail Edition Foils,Foil,,£0.20
1x,Stalking Stones,Mystery Booster Retail Edition Foils,Foil,,£0.50
1x,White Knight,Mystery Booster Retail Edition Foils,Foil,,£0.50
1x,World-Bottling Kit,Unhinged,,,£0.60
1x,Guest List,Unstable,,,£0.28
1x,Split Screen,Unstable,,,£0.28
1x,Goblin Slingshot,Unstable,,,£0.26
1x,Angelic Rocket,Unstable,,,£0.25
1x,Aerial Toastmaster,Unstable,,,£0.20
1x,Buzzing Whack-a-Doodle,Unstable,,,£0.20
1x,Chittering Doom,Unstable,,,£0.20
1x,First Pick,Unstable,,,£0.20
1x,Genetic Recombinator,Unstable,,,£0.20
1x,"Half-Orc, Half-",Unstable,,,£0.20
1x,Kindly Cognician,Unstable,,,£0.20
1x,Ninja,Unstable,,,£0.20
1x,Overt Operative,Unstable,,,£0.20
1x,Side Quest,Unstable,,,£0.20
1x,Target Minotaur,Unstable,,,£0.20
1x,Gnome-Made Engine,Unstable,,,£0.19
1x,Feisty Stegosaurus,Unstable,,,£0.18
1x,Selfie Preservation,Unstable,,,£0.18
1x,Twiddlestick Charger,Unstable,,,£0.18
1x,Eager Beaver,Unstable,,,£0.18
1x,Auto-Key,Unstable,,,£0.17
1x,Big Boa Constrictor,Unstable,,,£0.17
1x,Crafty Octopus,Unstable,,,£0.17
1x,Hazmat Suit (Used),Unstable,,,£0.17
1x,Joyride Rigger,Unstable,,,£0.17
1x,Just Desserts,Unstable,,,£0.17
1x,Ordinary Pony,Unstable,,,£0.17
1x,Steady-Handed Mook,Unstable,,,£0.17
1x,capital offense,Unstable,,,£0.16
1x,Defective Detective,Unstable,,,£0.16
1x,"Finders, Keepers",Unstable,,,£0.16
1x,Hammer Helper,Unstable,,,£0.16
1x,Mandatory Friendship Shackles,Unstable,,,£0.16
1x,Old Guard,Unstable,,,£0.16
1x,Success!,Unstable,,,£0.16
1x,Voracious Vacuum,Unstable,,,£0.16
1x,Wrench-Rigger,Unstable,,,£0.16
1x,Painiac,Unstable,,,£0.15
1x,Ground Pounder,Unstable,,,£0.14
1x,Magic Word,Unstable,,,£0.12