Quantity,Name,Edition,Foil,Condition,Price
2,Metallic Rebuke,Aether Revolt,,,"0,20"
2,Renegade Map,Aether Revolt,,,"0,19"
4,Shock,Aether Revolt,,,"0,16"
1,Aegis Automaton,Aether Revolt,,,"0,14"
4,Druid of the Cowl,Aether Revolt,,,"0,14"
2,Prey Upon,Aether Revolt,,,"0,14"
4,Scrounging Bandar,Aether Revolt,,,"0,14"
3,Aether Chaser,Aether Revolt,,,"0,14"
1,Conviction,Aether Revolt,,,"0,14"
1,Countless Gears Renegade,Aether Revolt,,,"0,14"
2,Daring Demolition,Aether Revolt,,,"0,14"
1,Dawnfeather Eagle,Aether Revolt,,,"0,14"
2,Foundry Assembler,Aether Revolt,,,"0,14"
2,Ghirapur Osprey,Aether Revolt,,,"0,14"
2,Implement of Combustion,Aether Revolt,,,"0,14"
2,Implement of Examination,Aether Revolt,,,"0,14"
1,Implement of Ferocity,Aether Revolt,,,"0,14"
3,Implement of Malice,Aether Revolt,,,"0,14"
1,Lifecraft Cavalry,Aether Revolt,,,"0,14"
2,Renegade's Getaway,Aether Revolt,,,"0,14"
3,Take into Custody,Aether Revolt,,,"0,14"
1,Wrangle,Aether Revolt,,,"0,14"
2,Aether Herder,Aether Revolt,,,"0,13"
1,Aether Inspector,Aether Revolt,,,"0,13"
2,Aetherstream Leopard,Aether Revolt,,,"0,13"
1,Augmenting Automaton,Aether Revolt,,,"0,13"
4,Caught in the Brights,Aether Revolt,,,"0,13"
2,Consulate Turret,Aether Revolt,,,"0,13"
1,Destructive Tampering,Aether Revolt,,,"0,13"
2,Dispersal Technician,Aether Revolt,,,"0,13"
2,Fen Hauler,Aether Revolt,,,"0,13"
3,Fourth Bridge Prowler,Aether Revolt,,,"0,13"
2,Frontline Rebel,Aether Revolt,,,"0,13"
1,Implement of Improvement,Aether Revolt,,,"0,13"
1,Lathnu Sailback,Aether Revolt,,,"0,13"
1,Leave in the Dust,Aether Revolt,,,"0,13"
3,Negate,Aether Revolt,,,"0,13"
3,Prizefighter Construct,Aether Revolt,,,"0,13"
1,Reservoir Walker,Aether Revolt,,,"0,13"
1,Shipwreck Moray,Aether Revolt,,,"0,13"
3,Sweatworks Brawler,Aether Revolt,,,"0,13"
4,Universal Solvent,Aether Revolt,,,"0,13"
3,Welder Automaton,Aether Revolt,,,"0,13"
2,Aether Poisoner,Aether Revolt,,,"0,12"
2,Aether Swooper,Aether Revolt,,,"0,12"
3,Alley Strangler,Aether Revolt,,,"0,12"
3,Audacious Infiltrator,Aether Revolt,,,"0,12"
1,Bastion Enforcer,Aether Revolt,,,"0,12"
1,Bastion Inventor,Aether Revolt,,,"0,12"
2,Chandra's Revolution,Aether Revolt,,,"0,12"
1,Hinterland Drake,Aether Revolt,,,"0,12"
1,Ice Over,Aether Revolt,,,"0,12"
3,Night Market Guard,Aether Revolt,,,"0,12"
1,Precise Strike,Aether Revolt,,,"0,12"
1,Silkweaver Elite,Aether Revolt,,,"0,12"
2,Verdant Automaton,Aether Revolt,,,"0,12"
1,Watchful Automaton,Aether Revolt,,,"0,12"
1,Lat-Nam's Legacy,Alliances,,,"0,18"
2,Cartouche of Solidarity,Amonkhet,,,"0,26"
2,Slither Blade,Amonkhet,,,"0,26"
2,Sacred Cat,Amonkhet,,,"0,25"
2,Forsake the Worldly,Amonkhet,,,"0,20"
3,Hieroglyphic Illumination,Amonkhet,,,"0,20"
3,Trespasser's Curse,Amonkhet,,,"0,20"
1,Anointer Priest,Amonkhet,,,"0,17"
1,Blazing Volley,Amonkhet,,,"0,17"
3,Festering Mummy,Amonkhet,,,"0,17"
3,Cartouche of Ambition,Amonkhet,,,"0,16"
2,Cartouche of Knowledge,Amonkhet,,,"0,16"
5,Cartouche of Strength,Amonkhet,,,"0,16"
4,Desert Cerodon,Amonkhet,,,"0,16"
4,Dissenter's Deliverance,Amonkhet,,,"0,16"
4,Gift of Paradise,Amonkhet,,,"0,16"
5,Haze of Pollen,Amonkhet,,,"0,16"
4,Supernatural Stamina,Amonkhet,,,"0,16"
4,Binding Mummy,Amonkhet,,,"0,15"
4,Essence Scatter,Amonkhet,,,"0,15"
3,Magma Spray,Amonkhet,,,"0,15"
3,Winds of Rebuke,Amonkhet,,,"0,15"
1,Brute Strength,Amonkhet,,,"0,14"
2,Cancel,Amonkhet,,,"0,14"
3,Cartouche of Zeal,Amonkhet,,,"0,14"
5,Doomed Dissenter,Amonkhet,,,"0,14"
1,Fling,Amonkhet,,,"0,14"
2,Horror of the Broken Lands,Amonkhet,,,"0,14"
2,Naga Vitalist,Amonkhet,,,"0,14"
1,Soulstinger,Amonkhet,,,"0,14"
3,Splendid Agony,Amonkhet,,,"0,14"
3,Tormenting Voice,Amonkhet,,,"0,14"
2,Ancient Crab,Amonkhet,,,"0,14"
2,Benefaction of Rhonas,Amonkhet,,,"0,14"
3,Bitterblade Warrior,Amonkhet,,,"0,14"
2,Bloodlust Inciter,Amonkhet,,,"0,14"
3,Compelling Argument,Amonkhet,,,"0,14"
3,Final Reward,Amonkhet,,,"0,14"
1,Giant Spider,Amonkhet,,,"0,14"
2,Greater Sandwurm,Amonkhet,,,"0,14"
2,Initiate's Companion,Amonkhet,,,"0,14"
3,Luxa River Shrine,Amonkhet,,,"0,14"
2,Miasmic Mummy,Amonkhet,,,"0,14"
1,Pouncing Cheetah,Amonkhet,,,"0,14"
2,Stinging Shot,Amonkhet,,,"0,14"
1,Unburden,Amonkhet,,,"0,14"
1,Wasteland Scorpion,Amonkhet,,,"0,14"
2,Winged Shepherd,Amonkhet,,,"0,14"
2,Blighted Bat,Amonkhet,,,"0,13"
3,Colossapede,Amonkhet,,,"0,13"
3,Compulsory Rest,Amonkhet,,,"0,13"
2,Djeru's Resolve,Amonkhet,,,"0,13"
1,Dune Beetle,Amonkhet,,,"0,13"
2,Hekma Sentinels,Amonkhet,,,"0,13"
4,Honed Khopesh,Amonkhet,,,"0,13"
3,Hyena Pack,Amonkhet,,,"0,13"
4,In Oketra's Name,Amonkhet,,,"0,13"
5,Manticore of the Gauntlet,Amonkhet,,,"0,13"
3,Minotaur Sureshot,Amonkhet,,,"0,13"
3,Oashra Cultivator,Amonkhet,,,"0,13"
2,Painful Lesson,Amonkhet,,,"0,13"
3,Pitiless Vizier,Amonkhet,,,"0,13"
3,Pursue Glory,Amonkhet,,,"0,13"
3,Quarry Hauler,Amonkhet,,,"0,13"
3,Rhet-Crop Spearmaster,Amonkhet,,,"0,13"
3,River Serpent,Amonkhet,,,"0,13"
2,Scarab Feast,Amonkhet,,,"0,13"
3,Scribe of the Mindful,Amonkhet,,,"0,13"
5,Seeker of Insight,Amonkhet,,,"0,13"
2,Shed Weakness,Amonkhet,,,"0,13"
4,Shimmerscale Drake,Amonkhet,,,"0,13"
3,Spidery Grasp,Amonkhet,,,"0,13"
3,Supply Caravan,Amonkhet,,,"0,13"
5,Thresher Lizard,Amonkhet,,,"0,13"
3,Unwavering Initiate,Amonkhet,,,"0,13"
2,Aven Initiate,Amonkhet,,,"0,12"
2,Cursed Minotaur,Amonkhet,,,"0,12"
3,Decision Paralysis,Amonkhet,,,"0,12"
2,Electrify,Amonkhet,,,"0,12"
1,Emberhorn Minotaur,Amonkhet,,,"0,12"
3,Fan Bearer,Amonkhet,,,"0,12"
2,Floodwaters,Amonkhet,,,"0,12"
4,Gust Walker,Amonkhet,,,"0,12"
3,Illusory Wrappings,Amonkhet,,,"0,12"
3,Impeccable Timing,Amonkhet,,,"0,12"
3,Mighty Leap,Amonkhet,,,"0,12"
1,Naga Oracle,Amonkhet,,,"0,12"
3,Nef-Crop Entangler,Amonkhet,,,"0,12"
1,Nimble-Blade Khenra,Amonkhet,,,"0,12"
2,Ornery Kudu,Amonkhet,,,"0,12"
2,Pathmaker Initiate,Amonkhet,,,"0,12"
5,Sparring Mummy,Amonkhet,,,"0,12"
2,Tah-Crop Elite,Amonkhet,,,"0,12"
3,Tah-Crop Skirmisher,Amonkhet,,,"0,12"
4,Those Who Serve,Amonkhet,,,"0,12"
2,Violent Impact,Amonkhet,,,"0,12"
2,Wander in Death,Amonkhet,,,"0,12"
2,Ghostly Flicker,Avacyn Restored,,,"0,64"
5,Essence Harvest,Avacyn Restored,,,"0,21"
1,Cloudshift,Avacyn Restored,,,"0,20"
5,Butcher Ghoul,Avacyn Restored,,,"0,19"
2,Seraph of Dawn,Avacyn Restored,,,"0,17"
1,Angelic Wall,Avacyn Restored,,,"0,16"
3,Bloodflow Connoisseur,Avacyn Restored,,,"0,15"
1,Elgaud Shieldmate,Avacyn Restored,,,"0,15"
1,Sheltering Word,Avacyn Restored,,,"0,15"
1,Terrifying Presence,Avacyn Restored,,,"0,15"
1,Angel's Mercy,Avacyn Restored,,,"0,14"
1,Call to Serve,Avacyn Restored,,,"0,14"
5,Death Wind,Avacyn Restored,,,"0,14"
1,Flowering Lumberknot,Avacyn Restored,,,"0,14"
1,Scalding Devil,Avacyn Restored,,,"0,14"
1,Voice of the Provinces,Avacyn Restored,,,"0,14"
1,Wingcrafter,Avacyn Restored,,,"0,14"
1,Alchemist's Apprentice,Avacyn Restored,,,"0,14"
1,Amass the Components,Avacyn Restored,,,"0,14"
5,Bone Splinters,Avacyn Restored,,,"0,14"
1,Crypt Creeper,Avacyn Restored,,,"0,14"
1,Demolish,Avacyn Restored,,,"0,14"
2,Diregraf Escort,Avacyn Restored,,,"0,14"
6,Driver of the Dead,Avacyn Restored,,,"0,14"
2,Geist Snatch,Avacyn Restored,,,"0,14"
1,Ghostform,Avacyn Restored,,,"0,14"
4,Grave Exchange,Avacyn Restored,,,"0,14"
2,Gryff Vanguard,Avacyn Restored,,,"0,14"
1,Guise of Fire,Avacyn Restored,,,"0,14"
2,Hanweir Lancer,Avacyn Restored,,,"0,14"
2,Hunted Ghoul,Avacyn Restored,,,"0,14"
1,Lair Delve,Avacyn Restored,,,"0,14"
2,Malicious Intent,Avacyn Restored,,,"0,14"
2,Moonlight Geist,Avacyn Restored,,,"0,14"
3,Natural End,Avacyn Restored,,,"0,14"
1,Nightshade Peddler,Avacyn Restored,,,"0,14"
1,Pathbreaker Wurm,Avacyn Restored,,,"0,14"
5,Polluted Dead,Avacyn Restored,,,"0,14"
7,Predator's Gambit,Avacyn Restored,,,"0,14"
3,Renegade Demon,Avacyn Restored,,,"0,14"
1,Scroll of Griselbrand,Avacyn Restored,,,"0,14"
1,Spectral Gateguards,Avacyn Restored,,,"0,14"
1,Uncanny Speed,Avacyn Restored,,,"0,14"
7,Unhallowed Pact,Avacyn Restored,,,"0,14"
2,Vanguard's Shield,Avacyn Restored,,,"0,14"
1,Wildwood Geist,Avacyn Restored,,,"0,14"
3,Ghoulflesh,Avacyn Restored,,,"0,13"
2,Grounded,Avacyn Restored,,,"0,13"
1,Joint Assault,Avacyn Restored,,,"0,13"
3,Mental Agony,Avacyn Restored,,,"0,13"
2,Necrobite,Avacyn Restored,,,"0,13"
2,Snare the Skies,Avacyn Restored,,,"0,13"
2,Spectral Prison,Avacyn Restored,,,"0,13"
3,Undead Executioner,Avacyn Restored,,,"0,13"
4,Searchlight Geist,Avacyn Restored,,,"0,12"
1,Geist Snatch,Avacyn Restored,,,"0,14"
1,Gryff Vanguard,Avacyn Restored,,,"0,14"
2,Scour from Existence,Battle for Zendikar,,,"0,18"
4,Kozilek's Channeler,Battle for Zendikar,,,"0,17"
1,Angelic Gift,Battle for Zendikar,,,"0,14"
1,Coralhelm Guide,Battle for Zendikar,,,"0,14"
1,Goblin War Paint,Battle for Zendikar,,,"0,14"
1,Hedron Blade,Battle for Zendikar,,,"0,14"
1,Sheer Drop,Battle for Zendikar,,,"0,14"
2,Touch of the Void,Battle for Zendikar,,,"0,14"
1,Inspired Charge,Battle for Zendikar,,,"0,13"
3,Lavastep Raider,Battle for Zendikar,,,"0,13"
1,Nettle Drone,Battle for Zendikar,,,"0,13"
1,Roilmage's Trick,Battle for Zendikar,,,"0,13"
1,Stonefury,Battle for Zendikar,,,"0,13"
1,Cloud Manta,Battle for Zendikar,,,"0,12"
1,Tightening Coils,Battle for Zendikar,,,"0,12"
1,Negate,Battlebond,,,"0,18"
15,Aspect of Hydra,Born of the Gods,,,"0,24"
11,Satyr Wayfinder,Born of the Gods,,,"0,19"
12,Akroan Skyguard,Born of the Gods,,,"0,16"
14,Mortal's Resolve,Born of the Gods,,,"0,15"
12,Chorus of the Tides,Born of the Gods,,,"0,14"
18,Nyxborn Shieldmate,Born of the Gods,,,"0,14"
15,Retraction Helix,Born of the Gods,,,"0,14"
16,Crypsis,Born of the Gods,,,"0,14"
11,Evanescent Intellect,Born of the Gods,,,"0,14"
11,Forsaken Drifters,Born of the Gods,,,"0,14"
14,Great Hart,Born of the Gods,,,"0,14"
9,Hold at Bay,Born of the Gods,,,"0,14"
14,Nullify,Born of the Gods,,,"0,14"
12,Nyxborn Rollicker,Born of the Gods,,,"0,14"
13,Nyxborn Wolf,Born of the Gods,,,"0,14"
12,Revoke Existence,Born of the Gods,,,"0,14"
8,Scouring Sands,Born of the Gods,,,"0,14"
4,Servant of Tymaret,Born of the Gods,,,"0,14"
16,Setessan Oathsworn,Born of the Gods,,,"0,14"
8,Sphinx's Disciple,Born of the Gods,,,"0,14"
18,Warchanter of Mogis,Born of the Gods,,,"0,14"
13,Weight of the Underworld,Born of the Gods,,,"0,14"
12,Asphyxiate,Born of the Gods,,,"0,13"
12,Charging Badger,Born of the Gods,,,"0,13"
8,Claim of Erebos,Born of the Gods,,,"0,13"
10,Culling Mark,Born of the Gods,,,"0,13"
13,Elite Skirmisher,Born of the Gods,,,"0,13"
14,Ephara's Radiance,Born of the Gods,,,"0,13"
10,Epiphany Storm,Born of the Gods,,,"0,13"
14,Excoriate,Born of the Gods,,,"0,13"
16,Eye Gouge,Born of the Gods,,,"0,13"
15,Fall of the Hammer,Born of the Gods,,,"0,13"
15,Floodtide Serpent,Born of the Gods,,,"0,13"
15,Griffin Dreamfinder,Born of the Gods,,,"0,13"
13,Grisly Transformation,Born of the Gods,,,"0,13"
19,Karametra's Favor,Born of the Gods,,,"0,13"
10,Kragma Butcher,Born of the Gods,,,"0,13"
16,Marshmist Titan,Born of the Gods,,,"0,13"
14,Mortal's Ardor,Born of the Gods,,,"0,13"
7,Necrobite,Born of the Gods,,,"0,13"
14,Nyxborn Triton,Born of the Gods,,,"0,13"
10,Oreskos Sun Guide,Born of the Gods,,,"0,13"
12,Pheres-Band Tromper,Born of the Gods,,,"0,13"
9,Setessan Starbreaker,Born of the Gods,,,"0,13"
17,Stratus Walk,Born of the Gods,,,"0,13"
10,Bolt of Keranos,Born of the Gods,,,"0,12"
17,Cyclops of One-Eyed Pass,Born of the Gods,,,"0,12"
10,Deepwater Hypnotist,Born of the Gods,,,"0,12"
17,Divination,Born of the Gods,,,"0,12"
17,Fearsome Temper,Born of the Gods,,,"0,12"
15,Felhide Brawler,Born of the Gods,,,"0,12"
11,Impetuous Sunchaser,Born of the Gods,,,"0,12"
5,Loyal Pegasus,Born of the Gods,,,"0,12"
10,Nyxborn Eidolon,Born of the Gods,,,"0,12"
9,Pharagax Giant,Born of the Gods,,,"0,12"
13,Reckless Reveler,Born of the Gods,,,"0,12"
22,Rise to the Challenge,Born of the Gods,,,"0,12"
11,Snake of the Golden Grove,Born of the Gods,,,"0,12"
11,Sudden Storm,Born of the Gods,,,"0,12"
16,Swordwise Centaur,Born of the Gods,,,"0,12"
1,Desperate Ritual,Champions of Kamigawa,,Good,"0,72"
1,Rend Flesh,Champions of Kamigawa,,Good,"0,24"
1,Stone Rain,Champions of Kamigawa,,Good,"0,20"
2,Floating-Dream Zubera,Champions of Kamigawa,,Good,"0,19"
1,Ashen-Skin Zubera,Champions of Kamigawa,,Good,"0,18"
1,Devoted Retainer,Champions of Kamigawa,,Good,"0,17"
1,Devouring Greed,Champions of Kamigawa,,Good,"0,16"
1,Kitsune Healer,Champions of Kamigawa,,Good,"0,16"
1,Soulless Revival,Champions of Kamigawa,,Good,"0,16"
1,Vine Kami,Champions of Kamigawa,,Good,"0,16"
1,Crushing Pain,Champions of Kamigawa,,Good,"0,15"
1,Kami of Ancient Law,Champions of Kamigawa,,Good,"0,15"
1,Quiet Purity,Champions of Kamigawa,,Good,"0,15"
1,Soratami Rainshaper,Champions of Kamigawa,,Good,"0,15"
1,Unearthly Blizzard,Champions of Kamigawa,,Good,"0,15"
1,Vigilance,Champions of Kamigawa,,Good,"0,15"
2,Waking Nightmare,Champions of Kamigawa,,Good,"0,15"
1,Wear Away,Champions of Kamigawa,,Good,"0,15"
1,Callous Deceiver,Champions of Kamigawa,,Good,"0,14"
1,Cursed Ronin,Champions of Kamigawa,,Good,"0,14"
1,Devouring Rage,Champions of Kamigawa,,Good,"0,14"
1,Feral Deceiver,Champions of Kamigawa,,Good,"0,14"
1,Field of Reality,Champions of Kamigawa,,Good,"0,14"
1,Glacial Ray,Champions of Kamigawa,,Good,"0,14"
1,Harsh Deceiver,Champions of Kamigawa,,Good,"0,14"
1,Kami of the Waning Moon,Champions of Kamigawa,,Good,"0,14"
2,Kami of Twisted Reflection,Champions of Kamigawa,,Good,"0,14"
1,Kashi-Tribe Warriors,Champions of Kamigawa,,Good,"0,14"
1,Matsu-Tribe Decoy,Champions of Kamigawa,,Good,"0,14"
1,Moss Kami,Champions of Kamigawa,,Good,"0,14"
2,Mystic Restraints,Champions of Kamigawa,,Good,"0,14"
1,Orochi Ranger,Champions of Kamigawa,,Good,"0,14"
1,Pull Under,Champions of Kamigawa,,Good,"0,14"
1,River Kaijin,Champions of Kamigawa,,Good,"0,14"
1,Unnatural Speed,Champions of Kamigawa,,Good,"0,14"
1,Alchemist's Greeting,Commander 2019,,,"0,18"
1,Cloaked Siren,Conspiracy: Take the Crown,,,"0,15"
3,Crash Through,Core Set 2019,,,"0,20"
2,Essence Scatter,Core Set 2019,,,"0,16"
3,Revitalize,Core Set 2019,,,"0,16"
3,Salvager of Secrets,Core Set 2019,,,"0,16"
3,Skyscanner,Core Set 2019,,,"0,16"
3,Sovereign's Bite,Core Set 2019,,,"0,16"
2,Angel of the Dawn,Core Set 2019,,,"0,15"
3,Goblin Motivator,Core Set 2019,,,"0,15"
1,Manalith,Core Set 2019,,,"0,15"
3,Abnormal Endurance,Core Set 2019,,,"0,14"
2,Anticipate,Core Set 2019,,,"0,14"
3,Daybreak Chaplain,Core Set 2019,,,"0,14"
3,Epicure of Blood,Core Set 2019,,,"0,14"
4,Gallant Cavalry,Core Set 2019,,,"0,14"
3,Ghostform,Core Set 2019,,,"0,14"
4,Greenwood Sentinel,Core Set 2019,,,"0,14"
4,Rabid Bite,Core Set 2019,,,"0,14"
3,Rhox Oracle,Core Set 2019,,,"0,14"
4,Rustwing Falcon,Core Set 2019,,,"0,14"
4,Take Vengeance,Core Set 2019,,,"0,14"
4,Tormenting Voice,Core Set 2019,,,"0,14"
3,Trusty Packbeast,Core Set 2019,,,"0,14"
3,Vampire Neonate,Core Set 2019,,,"0,14"
3,Aviation Pioneer,Core Set 2019,,,"0,14"
3,Catalyst Elemental,Core Set 2019,,,"0,14"
4,Centaur Courser,Core Set 2019,,,"0,14"
4,Colossal Dreadmaw,Core Set 2019,,,"0,14"
2,Daggerback Basilisk,Core Set 2019,,,"0,14"
4,Doomed Dissenter,Core Set 2019,,,"0,14"
3,Druid of the Cowl,Core Set 2019,,,"0,14"
1,Field Creeper,Core Set 2019,,,"0,14"
4,Gearsmith Prodigy,Core Set 2019,,,"0,14"
4,Havoc Devils,Core Set 2019,,,"0,14"
2,Infernal Scarring,Core Set 2019,,,"0,14"
3,Inspired Charge,Core Set 2019,,,"0,14"
4,Invoke the Divine,Core Set 2019,,,"0,14"
2,Knight of the Tusk,Core Set 2019,,,"0,14"
3,Macabre Waltz,Core Set 2019,,,"0,14"
4,Mighty Leap,Core Set 2019,,,"0,14"
2,Naturalize,Core Set 2019,,,"0,14"
2,Oakenform,Core Set 2019,,,"0,14"
3,Pegasus Courser,Core Set 2019,,,"0,14"
2,Root Snare,Core Set 2019,,,"0,14"
4,Scholar of Stars,Core Set 2019,,,"0,14"
3,Sparktongue Dragon,Core Set 2019,,,"0,14"
3,Star-Crowned Stag,Core Set 2019,,,"0,14"
3,Sure Strike,Core Set 2019,,,"0,14"
3,Talons of Wildwood,Core Set 2019,,,"0,14"
4,Wall of Mist,Core Set 2019,,,"0,14"
4,Boggart Brute,Core Set 2019,,,"0,13"
2,Bogstomper,Core Set 2019,,,"0,13"
2,Cancel,Core Set 2019,,,"0,13"
4,Cavalry Drillmaster,Core Set 2019,,,"0,13"
3,Child of Night,Core Set 2019,,,"0,13"
4,Dwindle,Core Set 2019,,,"0,13"
4,Highland Game,Core Set 2019,,,"0,13"
4,Hired Blade,Core Set 2019,,,"0,13"
3,Infectious Horror,Core Set 2019,,,"0,13"
4,Knight's Pledge,Core Set 2019,,,"0,13"
3,Lich's Caress,Core Set 2019,,,"0,13"
3,Marauder's Axe,Core Set 2019,,,"0,13"
4,Mind Rot,Core Set 2019,,,"0,13"
2,Omenspeaker,Core Set 2019,,,"0,13"
3,Oreskos Swiftclaw,Core Set 2019,,,"0,13"
2,Plummet,Core Set 2019,,,"0,13"
5,Smelt,Core Set 2019,,,"0,13"
4,Thornhide Wolves,Core Set 2019,,,"0,13"
3,Two-Headed Zombie,Core Set 2019,,,"0,13"
3,Wall of Vines,Core Set 2019,,,"0,13"
3,Act of Treason,Core Set 2019,,,"0,12"
3,Aven Wind Mage,Core Set 2019,,,"0,12"
3,Bristling Boar,Core Set 2019,,,"0,12"
4,Disperse,Core Set 2019,,,"0,12"
1,Divination,Core Set 2019,,,"0,12"
3,Electrify,Core Set 2019,,,"0,12"
3,Explosive Apparatus,Core Set 2019,,,"0,12"
3,Fire Elemental,Core Set 2019,,,"0,12"
4,Frilled Sea Serpent,Core Set 2019,,,"0,12"
3,Gearsmith Guardian,Core Set 2019,,,"0,12"
3,Giant Spider,Core Set 2019,,,"0,12"
3,Hostile Minotaur,Core Set 2019,,,"0,12"
3,Loxodon Line Breaker,Core Set 2019,,,"0,12"
3,Luminous Bonds,Core Set 2019,,,"0,12"
3,Onakke Ogre,Core Set 2019,,,"0,12"
2,Skeleton Archer,Core Set 2019,,,"0,12"
3,Skymarch Bloodletter,Core Set 2019,,,"0,12"
2,Snapping Drake,Core Set 2019,,,"0,12"
4,Strangling Spores,Core Set 2019,,,"0,12"
4,Titanic Growth,Core Set 2019,,,"0,12"
3,Tolarian Scholar,Core Set 2019,,,"0,12"
4,Totally Lost,Core Set 2019,,,"0,12"
2,Trumpet Blast,Core Set 2019,,,"0,12"
3,Uncomfortable Chill,Core Set 2019,,,"0,12"
4,Walking Corpse,Core Set 2019,,,"0,12"
1,Scorch Spitter,Core Set 2020,,,"0,20"
1,Leafkin Druid,Core Set 2020,,Near Mint,"0,17"
1,Negate,Core Set 2020,,Near Mint,"0,16"
2,Cloudkin Seer,Core Set 2020,,Near Mint,"0,15"
2,Faerie Miscreant,Core Set 2020,,Near Mint,"0,15"
1,Ferocious Pup,Core Set 2020,,Near Mint,"0,14"
1,Disenchant,Core Set 2020,,Near Mint,"0,14"
2,Infuriate,Core Set 2020,,Near Mint,"0,14"
1,Raise the Alarm,Core Set 2020,,Near Mint,"0,14"
2,Anticipate,Core Set 2020,,Near Mint,"0,13"
2,Convolute,Core Set 2020,,Near Mint,"0,13"
2,Glaring Aegis,Core Set 2020,,Near Mint,"0,13"
1,Gorging Vulture,Core Set 2020,,Near Mint,"0,13"
1,Greenwood Sentinel,Core Set 2020,,Near Mint,"0,13"
1,Prismite,Core Set 2020,,Near Mint,"0,13"
1,Unsummon,Core Set 2020,,Near Mint,"0,13"
1,Act of Treason,Core Set 2020,,Near Mint,"0,12"
2,Agonizing Syphon,Core Set 2020,,Near Mint,"0,12"
1,Audacious Thief,Core Set 2020,,Near Mint,"0,12"
2,Barony Vampire,Core Set 2020,,Near Mint,"0,12"
2,Battalion Foot Soldier,Core Set 2020,,Near Mint,"0,12"
1,Befuddle,Core Set 2020,,Near Mint,"0,12"
2,Bladebrand,Core Set 2020,,Near Mint,"0,12"
1,Blood Burglar,Core Set 2020,,Near Mint,"0,12"
1,Bone Splinters,Core Set 2020,,Near Mint,"0,12"
1,Boneclad Necromancer,Core Set 2020,,Near Mint,"0,12"
1,Brightwood Tracker,Core Set 2020,,Near Mint,"0,12"
1,Centaur Courser,Core Set 2020,,Near Mint,"0,12"
1,Chandra's Outrage,Core Set 2020,,Near Mint,"0,12"
1,Daggersail Aeronaut,Core Set 2020,,Near Mint,"0,12"
1,Dawning Angel,Core Set 2020,,Near Mint,"0,12"
2,Daybreak Chaplain,Core Set 2020,,Near Mint,"0,12"
1,Destructive Digger,Core Set 2020,,Near Mint,"0,12"
1,Fathom Fleet Cutthroat,Core Set 2020,,Near Mint,"0,12"
1,Feral Abomination,Core Set 2020,,Near Mint,"0,12"
1,Feral Invocation,Core Set 2020,,Near Mint,"0,12"
2,Fire Elemental,Core Set 2020,,Near Mint,"0,12"
1,Fortress Crab,Core Set 2020,,Near Mint,"0,12"
1,Frilled Sea Serpent,Core Set 2020,,Near Mint,"0,12"
1,Goblin Bird-Grabber,Core Set 2020,,Near Mint,"0,12"
1,Goblin Smuggler,Core Set 2020,,Near Mint,"0,12"
1,Griffin Sentinel,Core Set 2020,,Near Mint,"0,12"
1,Growth Cycle,Core Set 2020,,Near Mint,"0,12"
1,Heart-Piercer Bow,Core Set 2020,,Near Mint,"0,12"
1,Inspired Charge,Core Set 2020,,Near Mint,"0,12"
1,Lavakin Brawler,Core Set 2020,,Near Mint,"0,12"
2,Mammoth Spider,Core Set 2020,,Near Mint,"0,12"
1,Maniacal Rage,Core Set 2020,,Near Mint,"0,12"
1,Marauder's Axe,Core Set 2020,,Near Mint,"0,12"
1,Metropolis Sprite,Core Set 2020,,Near Mint,"0,12"
2,Mind Rot,Core Set 2020,,Near Mint,"0,12"
2,Moment of Heroism,Core Set 2020,,Near Mint,"0,12"
2,Moorland Inquisitor,Core Set 2020,,Near Mint,"0,12"
1,Netcaster Spider,Core Set 2020,,Near Mint,"0,12"
1,Octoprophet,Core Set 2020,,Near Mint,"0,12"
1,Pacifism,Core Set 2020,,Near Mint,"0,12"
2,Pack Mastiff,Core Set 2020,,Near Mint,"0,12"
1,Plummet,Core Set 2020,,Near Mint,"0,12"
1,Rabid Bite,Core Set 2020,,Near Mint,"0,12"
2,Reduce to Ashes,Core Set 2020,,Near Mint,"0,12"
1,Ripscale Predator,Core Set 2020,,Near Mint,"0,12"
1,Sage's Row Denizen,Core Set 2020,,Near Mint,"0,12"
1,Sedge Scorpion,Core Set 2020,,Near Mint,"0,12"
2,Silverback Shaman,Core Set 2020,,Near Mint,"0,12"
1,Sleep Paralysis,Core Set 2020,,Near Mint,"0,12"
1,Sorcerer of the Fang,Core Set 2020,,Near Mint,"0,12"
1,Soul Salvage,Core Set 2020,,Near Mint,"0,12"
1,Soulmender,Core Set 2020,,Near Mint,"0,12"
1,Steadfast Sentry,Core Set 2020,,Near Mint,"0,12"
2,Tectonic Rift,Core Set 2020,,Near Mint,"0,12"
1,Thicket Crasher,Core Set 2020,,Near Mint,"0,12"
1,Unholy Indenture,Core Set 2020,,Near Mint,"0,12"
2,Vial of Dragonfire,Core Set 2020,,Near Mint,"0,12"
1,Wolfkin Bond,Core Set 2020,,Near Mint,"0,12"
1,Zephyr Charge,Core Set 2020,,Near Mint,"0,12"
3,Undying Evil,Dark Ascension,,,"0,27"
1,Tragic Slip,Dark Ascension,,,"0,22"
1,Artful Dodge,Dark Ascension,,,"0,20"
2,Hunger of the Howlpack,Dark Ascension,,,"0,19"
3,Scorned Villager,Dark Ascension,,,"0,19"
2,Kessig Recluse,Dark Ascension,,,"0,16"
1,Ulvenwald Bear,Dark Ascension,,,"0,15"
1,Executioner's Hood,Dark Ascension,,,"0,14"
3,Heavy Mattock,Dark Ascension,,,"0,14"
1,Ray of Revelation,Dark Ascension,,,"0,14"
4,Spiteful Shadows,Dark Ascension,,,"0,14"
1,Break of Day,Dark Ascension,,,"0,14"
2,Chosen of Markov,Dark Ascension,,,"0,14"
2,Clinging Mists,Dark Ascension,,,"0,14"
3,Crushing Vines,Dark Ascension,,,"0,14"
1,Elgaud Inquisitor,Dark Ascension,,,"0,14"
2,Falkenrath Torturer,Dark Ascension,,,"0,14"
2,Gravepurge,Dark Ascension,,,"0,14"
1,Headless Skaab,Dark Ascension,,,"0,14"
7,Highborn Ghoul,Dark Ascension,,,"0,14"
1,Shriekgeist,Dark Ascension,,,"0,14"
2,Sightless Ghoul,Dark Ascension,,,"0,14"
1,Skillful Lunge,Dark Ascension,,,"0,14"
2,Bone to Ash,Dark Ascension,,,"0,13"
2,Death's Caress,Dark Ascension,,,"0,13"
1,Fling,Dark Ascension,,,"0,13"
2,Gruesome Discovery,Dark Ascension,,,"0,13"
4,Hollowhenge Beast,Dark Ascension,,,"0,13"
1,Scorch the Fields,Dark Ascension,,,"0,13"
1,Wild Hunger,Dark Ascension,,,"0,13"
1,Wrack with Madness,Dark Ascension,,,"0,13"
3,Reap the Seagraf,Dark Ascension,,,"0,12"
2,Somberwald Dryad,Dark Ascension,,,"0,12"
1,Hallow,Darksteel,,,"0,21"
4,Arcbound Stinger,Darksteel,,,"0,15"
2,Grow from the Ashes,Dominaria,,,"0,42"
2,Unwind,Dominaria,,,"0,40"
2,Broken Bond,Dominaria,,,"0,22"
2,Artificer's Assistant,Dominaria,,,"0,20"
1,Llanowar Elves,Dominaria,,,"0,20"
4,Blink of an Eye,Dominaria,,,"0,19"
2,Llanowar Scout,Dominaria,,,"0,18"
1,Skirk Prospector,Dominaria,,,"0,18"
1,Warlord's Fury,Dominaria,,,"0,18"
2,Adventurous Impulse,Dominaria,,,"0,17"
1,Saproling Migration,Dominaria,,,"0,17"
3,Adamant Will,Dominaria,,,"0,16"
2,Dark Bargain,Dominaria,,,"0,16"
1,Demonic Vigor,Dominaria,,,"0,16"
3,Powerstone Shard,Dominaria,,,"0,16"
2,Syncopate,Dominaria,,,"0,16"
3,Deathbloom Thallid,Dominaria,,,"0,15"
4,Invoke the Divine,Dominaria,,,"0,15"
4,Rampaging Cyclops,Dominaria,,,"0,15"
4,Skittering Surveyor,Dominaria,,,"0,15"
4,Voltaic Servant,Dominaria,,,"0,15"
2,Yavimaya Sapherd,Dominaria,,,"0,15"
2,Academy Journeymage,Dominaria,,,"0,14"
5,Ancient Animus,Dominaria,,,"0,14"
4,Arcane Flight,Dominaria,,,"0,14"
3,Baloth Gorger,Dominaria,,,"0,14"
1,Blessing of Belzenlok,Dominaria,,,"0,14"
6,Call the Cavalry,Dominaria,,,"0,14"
2,Charge,Dominaria,,,"0,14"
2,Cloudreader Sphinx,Dominaria,,,"0,14"
2,Cold-Water Snapper,Dominaria,,,"0,14"
2,Corrosive Ooze,Dominaria,,,"0,14"
2,Drudge Sentinel,Dominaria,,,"0,14"
2,Dub,Dominaria,,,"0,14"
3,Feral Abomination,Dominaria,,,"0,14"
2,Frenzied Rage,Dominaria,,,"0,14"
3,Gift of Growth,Dominaria,,,"0,14"
5,Healing Grace,Dominaria,,,"0,14"
2,Homarid Explorer,Dominaria,,,"0,14"
3,Jousting Lance,Dominaria,,,"0,14"
1,Keldon Overseer,Dominaria,,,"0,14"
2,Radiating Lightning,Dominaria,,,"0,14"
3,Run Amok,Dominaria,,,"0,14"
3,Serra Disciple,Dominaria,,,"0,14"
4,Shivan Fire,Dominaria,,,"0,14"
2,Soul Salvage,Dominaria,,,"0,14"
4,Thallid Omnivore,Dominaria,,,"0,14"
1,Vicious Offering,Dominaria,,,"0,14"
1,Academy Drake,Dominaria,,,"0,14"
3,Arbor Armament,Dominaria,,,"0,14"
4,Aven Sentry,Dominaria,,,"0,14"
2,Befuddle,Dominaria,,,"0,14"
3,Bloodstone Goblin,Dominaria,,,"0,14"
1,Cabal Evangel,Dominaria,,,"0,14"
5,Cabal Paladin,Dominaria,,,"0,14"
2,Caligo Skin-Witch,Dominaria,,,"0,14"
2,D'Avenant Trapper,Dominaria,,,"0,14"
3,Divination,Dominaria,,,"0,14"
2,Excavation Elephant,Dominaria,,,"0,14"
2,Gaea's Protector,Dominaria,,,"0,14"
5,Ghitu Chronicler,Dominaria,,,"0,14"
3,Guardians of Koilos,Dominaria,,,"0,14"
1,Keldon Warcaller,Dominaria,,,"0,14"
2,Krosan Druid,Dominaria,,,"0,14"
3,Navigator's Compass,Dominaria,,,"0,14"
1,Pardic Wanderer,Dominaria,,,"0,14"
2,Primordial Wurm,Dominaria,,,"0,14"
2,Relic Runner,Dominaria,,,"0,14"
4,Sergeant-at-Arms,Dominaria,,,"0,14"
3,Short Sword,Dominaria,,,"0,14"
1,Sparring Construct,Dominaria,,,"0,14"
2,Tragic Poet,Dominaria,,,"0,14"
2,Benalish Honor Guard,Dominaria,,,"0,13"
1,Blessed Light,Dominaria,,,"0,13"
2,Bloodtallow Candle,Dominaria,,,"0,13"
4,Fiery Intervention,Dominaria,,,"0,13"
4,Fire Elemental,Dominaria,,,"0,13"
2,Keldon Raider,Dominaria,,,"0,13"
2,Knight of New Benalia,Dominaria,,,"0,13"
2,Llanowar Envoy,Dominaria,,,"0,13"
4,Mesa Unicorn,Dominaria,,,"0,13"
2,Pegasus Courser,Dominaria,,,"0,13"
4,Rescue,Dominaria,,,"0,13"
3,Seismic Shift,Dominaria,,,"0,13"
2,Tolarian Scholar,Dominaria,,,"0,13"
4,Vodalian Arcanist,Dominaria,,,"0,13"
4,Windgrace Acolyte,Dominaria,,,"0,13"
3,Aesthir Glider,Dominaria,,,"0,12"
2,Fervent Strike,Dominaria,,,"0,12"
4,Ghitu Journeymage,Dominaria,,,"0,12"
3,Gideon's Reproach,Dominaria,,,"0,12"
2,Mammoth Spider,Dominaria,,,"0,12"
4,Pierce the Sky,Dominaria,,,"0,12"
2,Stronghold Confessor,Dominaria,,,"0,12"
2,Hidden Strings,Dragon's Maze,,,"0,33"
2,Crypt Incursion,Dragon's Maze,,,"0,23"
1,Izzet Cluestone,Dragon's Maze,,,"0,20"
2,Tithe Drinker,Dragon's Maze,,,"0,19"
1,Riot Control,Dragon's Maze,,,"0,17"
5,Nivix Cyclops,Dragon's Maze,,,"0,16"
2,Phytoburst,Dragon's Maze,,,"0,15"
4,Zhur-Taa Druid,Dragon's Maze,,,"0,15"
2,Azorius Cluestone,Dragon's Maze,,,"0,14"
1,Murmuring Phantasm,Dragon's Maze,,,"0,14"
5,Boros Cluestone,Dragon's Maze,,,"0,14"
3,Dimir Cluestone,Dragon's Maze,,,"0,14"
4,Golgari Cluestone,Dragon's Maze,,,"0,14"
5,Mutant's Prey,Dragon's Maze,,,"0,14"
1,Rakdos Cluestone,Dragon's Maze,,,"0,14"
4,Deputy of Acquittals,Dragon's Maze,,,"0,13"
3,Gruul Cluestone,Dragon's Maze,,,"0,13"
4,Haazda Snare Squad,Dragon's Maze,,,"0,13"
4,Orzhov Cluestone,Dragon's Maze,,,"0,13"
1,Rubblebelt Maaka,Dragon's Maze,,,"0,13"
3,Saruli Gatekeepers,Dragon's Maze,,,"0,13"
1,Selesnya Cluestone,Dragon's Maze,,,"0,13"
4,Simic Cluestone,Dragon's Maze,,,"0,13"
4,Sunspire Gatekeepers,Dragon's Maze,,,"0,13"
5,Armored Wolf-Rider,Dragon's Maze,,,"0,12"
2,Awe for the Guilds,Dragon's Maze,,,"0,12"
4,Bane Alley Blackguard,Dragon's Maze,,,"0,12"
1,Battering Krasis,Dragon's Maze,,,"0,12"
4,Beetleform Mage,Dragon's Maze,,,"0,12"
1,Boros Mastiff,Dragon's Maze,,,"0,12"
5,Clear a Path,Dragon's Maze,,,"0,12"
5,Drown in Filth,Dragon's Maze,,,"0,12"
3,Fatal Fumes,Dragon's Maze,,,"0,12"
3,Hired Torturer,Dragon's Maze,,,"0,12"
3,Kraul Warrior,Dragon's Maze,,,"0,12"
3,Lyev Decree,Dragon's Maze,,,"0,12"
7,Maze Behemoth,Dragon's Maze,,,"0,12"
1,Maze Glider,Dragon's Maze,,,"0,12"
5,Maze Rusher,Dragon's Maze,,,"0,12"
2,Maze Sentinel,Dragon's Maze,,,"0,12"
1,Mending Touch,Dragon's Maze,,,"0,12"
8,Mindstatic,Dragon's Maze,,,"0,12"
2,Morgue Burst,Dragon's Maze,,,"0,12"
3,Opal Lake Gatekeepers,Dragon's Maze,,,"0,12"
2,Pilfered Plans,Dragon's Maze,,,"0,12"
3,Rakdos Drake,Dragon's Maze,,,"0,12"
4,Riot Piker,Dragon's Maze,,,"0,12"
2,Runner's Bane,Dragon's Maze,,,"0,12"
1,Sinister Possession,Dragon's Maze,,,"0,12"
1,Smelt-Ward Gatekeepers,Dragon's Maze,,,"0,12"
1,Steeple Roc,Dragon's Maze,,,"0,12"
1,Thrashing Mossdog,Dragon's Maze,,,"0,12"
2,Ubul Sar Gatekeepers,Dragon's Maze,,,"0,12"
8,Viashino Firstblade,Dragon's Maze,,,"0,12"
4,Wake the Reflections,Dragon's Maze,,,"0,12"
5,Weapon Surge,Dragon's Maze,,,"0,12"
4,Wind Drake,Dragon's Maze,,,"0,12"
3,Uncovered Clues,Dragon's Maze,,,"0,13"
1,Mindstatic,Dragon's Maze,,,"0,12"
1,Wind Drake,Dragon's Maze,,,"0,12"
3,Negate,Dragons of Tarkir,,,"0,16"
1,Dragon-Scarred Bear,Dragons of Tarkir,,,"0,15"
1,Coat with Venom,Dragons of Tarkir,,,"0,14"
1,Lose Calm,Dragons of Tarkir,,,"0,14"
1,Marsh Hulk,Dragons of Tarkir,,,"0,14"
1,Resupply,Dragons of Tarkir,,,"0,14"
2,Tormenting Voice,Dragons of Tarkir,,,"0,14"
3,Artful Maneuver,Dragons of Tarkir,,,"0,14"
3,Elusive Spellfist,Dragons of Tarkir,,,"0,14"
1,Flatten,Dragons of Tarkir,,,"0,14"
1,Hand of Silumgar,Dragons of Tarkir,,,"0,14"
1,Hardened Berserker,Dragons of Tarkir,,,"0,14"
1,Misthoof Kirin,Dragons of Tarkir,,,"0,14"
1,Ojutai's Breath,Dragons of Tarkir,,,"0,14"
1,Palace Familiar,Dragons of Tarkir,,,"0,14"
2,Sabertooth Outrider,Dragons of Tarkir,,,"0,14"
1,Silumgar Butcher,Dragons of Tarkir,,,"0,14"
1,Student of Ojutai,Dragons of Tarkir,,,"0,14"
1,Territorial Roc,Dragons of Tarkir,,,"0,14"
1,Updraft Elemental,Dragons of Tarkir,,,"0,14"
2,Colossodon Yearling,Dragons of Tarkir,,,"0,13"
1,Mind Rot,Dragons of Tarkir,,,"0,13"
1,Taigam's Strike,Dragons of Tarkir,,,"0,13"
4,Dark Ritual,Duel Decks: Phyrexia vs. the Coalition,,,"0,68"
2,Displace,Eldritch Moon,,,"0,23"
2,Cathar's Shield,Eldritch Moon,,,"0,18"
1,Turn Aside,Eldritch Moon,,,"0,18"
4,Terrarion,Eldritch Moon,,,"0,17"
1,Ulvenwald Captive,Eldritch Moon,,,"0,17"
1,Borrowed Hostility,Eldritch Moon,,,"0,16"
2,Galvanic Bombardment,Eldritch Moon,,,"0,16"
2,Succumb to Temptation,Eldritch Moon,,,"0,16"
5,Wretched Gryff,Eldritch Moon,,,"0,16"
1,Primal Druid,Eldritch Moon,,,"0,15"
2,Waxing Moon,Eldritch Moon,,,"0,15"
1,Backwoods Survivalists,Eldritch Moon,,,"0,14"
1,Bold Impaler,Eldritch Moon,,,"0,14"
1,Borrowed Grace,Eldritch Moon,,,"0,14"
1,Borrowed Malevolence,Eldritch Moon,,,"0,14"
3,Brazen Wolves,Eldritch Moon,,,"0,14"
2,Contingency Plan,Eldritch Moon,,,"0,14"
2,Distemper of the Blood,Eldritch Moon,,,"0,14"
4,Fiend Binder,Eldritch Moon,,,"0,14"
1,Graf Rats,Eldritch Moon,,,"0,14"
1,Ironclad Slayer,Eldritch Moon,,,"0,14"
1,Lunarch Mantle,Eldritch Moon,,,"0,14"
1,Prophetic Ravings,Eldritch Moon,,,"0,14"
4,Steadfast Cathar,Eldritch Moon,,,"0,14"
2,Strange Augmentation,Eldritch Moon,,,"0,14"
1,Wailing Ghoul,Eldritch Moon,,,"0,14"
2,Woodcutter's Grit,Eldritch Moon,,,"0,14"
2,Woodland Patrol,Eldritch Moon,,,"0,14"
1,Boon of Emrakul,Eldritch Moon,,,"0,14"
3,Certain Death,Eldritch Moon,,,"0,14"
1,Choking Restraints,Eldritch Moon,,,"0,14"
2,Convolute,Eldritch Moon,,,"0,14"
1,Crossroads Consecrator,Eldritch Moon,,,"0,14"
1,Cultist's Staff,Eldritch Moon,,,"0,14"
5,Dawn Gryff,Eldritch Moon,,,"0,14"
2,Drag Under,Eldritch Moon,,,"0,14"
4,Enlightened Maniac,Eldritch Moon,,,"0,14"
3,Faithbearer Paladin,Eldritch Moon,,,"0,14"
3,Falkenrath Reaver,Eldritch Moon,,,"0,14"
1,Field Creeper,Eldritch Moon,,,"0,14"
2,Fogwalker,Eldritch Moon,,,"0,14"
2,Gavony Unhallowed,Eldritch Moon,,,"0,14"
2,Guardian of Pilgrims,Eldritch Moon,,,"0,14"
2,Ingenious Skaab,Eldritch Moon,,,"0,14"
2,Make Mischief,Eldritch Moon,,,"0,14"
2,Olivia's Dragoon,Eldritch Moon,,,"0,14"
5,Otherworldly Outburst,Eldritch Moon,,,"0,14"
1,Prey Upon,Eldritch Moon,,,"0,14"
2,Spontaneous Mutation,Eldritch Moon,,,"0,14"
3,Stensia Banquet,Eldritch Moon,,,"0,14"
1,Swift Spinner,Eldritch Moon,,,"0,14"
3,Tattered Haunter,Eldritch Moon,,,"0,14"
2,Thraben Standard Bearer,Eldritch Moon,,,"0,14"
1,Vildin-Pack Outcast,Eldritch Moon,,,"0,14"
1,Weirded Vampire,Eldritch Moon,,,"0,14"
1,Wolfkin Bond,Eldritch Moon,,,"0,14"
2,Ironwright's Cleansing,Eldritch Moon,,,"0,13"
2,Laboratory Brute,Eldritch Moon,,,"0,13"
1,Stensia Innkeeper,Eldritch Moon,,,"0,13"
5,Whisperer of the Wilds,Fate Reforged,,,"0,18"
2,Goblin Heelcutter,Fate Reforged,,,"0,15"
1,Smoldering Efreet,Fate Reforged,,,"0,14"
1,Write into Being,Fate Reforged,,,"0,14"
1,Abzan Skycaptain,Fate Reforged,,,"0,14"
1,Archers of Qarsi,Fate Reforged,,,"0,14"
1,Aven Skirmisher,Fate Reforged,,,"0,14"
2,Aven Surveyor,Fate Reforged,,,"0,14"
1,Collateral Damage,Fate Reforged,,,"0,14"
1,Great-Horn Krushok,Fate Reforged,,,"0,14"
2,Hooded Assassin,Fate Reforged,,,"0,14"
1,Jeskai Runemark,Fate Reforged,,,"0,14"
1,Rakshasa's Disdain,Fate Reforged,,,"0,14"
2,Return to the Earth,Fate Reforged,,,"0,14"
1,Soul Summons,Fate Reforged,,,"0,14"
1,Sultai Skullkeeper,Fate Reforged,,,"0,14"
1,War Flare,Fate Reforged,,,"0,14"
1,Ainok Guide,Fate Reforged,,,"0,13"
2,Ancestral Vengeance,Fate Reforged,,,"0,13"
1,Frontier Mastodon,Fate Reforged,,,"0,13"
1,Pressure Point,Fate Reforged,,,"0,13"
2,Reach of Shadows,Fate Reforged,,,"0,13"
1,Whisk Away,Fate Reforged,,,"0,12"
1,Forced Adaptation,Gatecrash,,,"0,20"
4,Psychic Strike,Gatecrash,,,"0,20"
1,Cloudfin Raptor,Gatecrash,,,"0,19"
3,Prophetic Prism,Gatecrash,,,"0,17"
2,Foundry Street Denizen,Gatecrash,,,"0,16"
3,Ivy Lane Denizen,Gatecrash,,,"0,15"
1,Shadow Alley Denizen,Gatecrash,,,"0,15"
1,Bioshift,Gatecrash,,,"0,14"
3,Basilica Screecher,Gatecrash,,,"0,14"
1,Burst of Strength,Gatecrash,,,"0,14"
1,Paranoid Delusions,Gatecrash,,,"0,14"
1,Balustrade Spy,Gatecrash,,,"0,13"
2,Executioner's Swing,Gatecrash,,,"0,13"
5,Madcap Skills,Gatecrash,,,"0,13"
1,Mugging,Gatecrash,,,"0,13"
1,Shambleshark,Gatecrash,,,"0,13"
1,Spire Tracer,Gatecrash,,,"0,13"
2,Tin Street Market,Gatecrash,,,"0,13"
2,Zarichi Tiger,Gatecrash,,,"0,13"
1,Act of Treason,Gatecrash,,,"0,12"
1,Adaptive Snapjaw,Gatecrash,,,"0,12"
2,Angelic Edict,Gatecrash,,,"0,12"
2,Assault Griffin,Gatecrash,,,"0,12"
1,Basilica Guards,Gatecrash,,,"0,12"
1,Beckon Apparition,Gatecrash,,,"0,12"
2,Bomber Corps,Gatecrash,,,"0,12"
3,Clinging Anemones,Gatecrash,,,"0,12"
2,Contaminated Ground,Gatecrash,,,"0,12"
1,Corpse Blockade,Gatecrash,,,"0,12"
1,Court Street Denizen,Gatecrash,,,"0,12"
4,Crocanura,Gatecrash,,,"0,12"
1,Death's Approach,Gatecrash,,,"0,12"
1,Deathcult Rogue,Gatecrash,,,"0,12"
2,Drakewing Krasis,Gatecrash,,,"0,12"
1,Dutiful Thrull,Gatecrash,,,"0,12"
1,Ember Beast,Gatecrash,,,"0,12"
2,Frilled Oculus,Gatecrash,,,"0,12"
2,Furious Resistance,Gatecrash,,,"0,12"
2,Greenside Watcher,Gatecrash,,,"0,12"
2,Guildscorn Ward,Gatecrash,,,"0,12"
2,Gutter Skulk,Gatecrash,,,"0,12"
1,Hands of Binding,Gatecrash,,,"0,12"
1,Horror of the Dim,Gatecrash,,,"0,12"
3,Keymaster Rogue,Gatecrash,,,"0,12"
4,Kingpin's Pet,Gatecrash,,,"0,12"
4,Martial Glory,Gatecrash,,,"0,12"
2,Metropolis Sprite,Gatecrash,,,"0,12"
1,Midnight Recovery,Gatecrash,,,"0,12"
1,Millennial Gargoyle,Gatecrash,,,"0,12"
2,Mortus Strider,Gatecrash,,,"0,12"
2,Nav Squad Commandos,Gatecrash,,,"0,12"
4,Pit Fight,Gatecrash,,,"0,12"
3,Predator's Rapport,Gatecrash,,,"0,12"
1,Primal Visitation,Gatecrash,,,"0,12"
2,Purge the Profane,Gatecrash,,,"0,12"
1,Razortip Whip,Gatecrash,,,"0,12"
2,Ruination Wurm,Gatecrash,,,"0,12"
1,Sage's Row Denizen,Gatecrash,,,"0,12"
1,Scab-Clan Charger,Gatecrash,,,"0,12"
3,Scatter Arc,Gatecrash,,,"0,12"
1,Scorchwalker,Gatecrash,,,"0,12"
1,Shadow Slice,Gatecrash,,,"0,12"
1,Shattering Blow,Gatecrash,,,"0,12"
1,Shielded Passage,Gatecrash,,,"0,12"
1,Skyblinder Staff,Gatecrash,,,"0,12"
1,Skygames,Gatecrash,,,"0,12"
2,Skyknight Legionnaire,Gatecrash,,,"0,12"
4,Slate Street Ruffian,Gatecrash,,,"0,12"
1,Slaughterhorn,Gatecrash,,,"0,12"
3,Smite,Gatecrash,,,"0,12"
2,Spell Rupture,Gatecrash,,,"0,12"
1,Structural Collapse,Gatecrash,,,"0,12"
2,Syndicate Enforcer,Gatecrash,,,"0,12"
2,Towering Thunderfist,Gatecrash,,,"0,12"
3,Verdant Haven,Gatecrash,,,"0,12"
5,Warmind Infantry,Gatecrash,,,"0,12"
3,Way of the Thief,Gatecrash,,,"0,12"
4,Wildwood Rebirth,Gatecrash,,,"0,12"
2,Wojek Halberdiers,Gatecrash,,,"0,12"
2,Zhur-Taa Swine,Gatecrash,,,"0,12"
1,Frilled Oculus,Gatecrash,,,"0,12"
1,Hands of Binding,Gatecrash,,,"0,12"
1,Last Thoughts,Gatecrash,,,"0,12"
2,Orzhov Signet,Guildpact,,,"0,41"
1,Castigate,Guildpact,,,"0,20"
1,Wild Cantor,Guildpact,,,"0,20"
1,Skarrgan Pit-Skulk,Guildpact,,,"0,18"
1,Douse in Gloom,Guildpact,,,"0,15"
1,Wee Dragonauts,Guildpact,,,"0,15"
1,Withstand,Guildpact,,,"0,15"
1,Burning-Tree Bloodscale,Guildpact,,,"0,14"
1,Cremate,Guildpact,,,"0,14"
1,Orzhov Euthanist,Guildpact,,,"0,14"
1,Silhana Starfletcher,Guildpact,,,"0,14"
1,Skyrider Trainee,Guildpact,,,"0,14"
1,Wildsize,Guildpact,,,"0,14"
1,Blind Hunter,Guildpact,,,"0,14"
1,Lionheart Maverick,Guildpact,,,"0,14"
1,Shrieking Grotesque,Guildpact,,,"0,14"
2,Crystal Seer,Guildpact,,,"0,14"
1,Torch Drake,Guildpact,,,"0,14"
1,Steamcore Weird,Guildpact,,,"0,14"
1,Firebrand Archer,Hour of Devastation,,,"0,24"
1,Manalith,Hour of Devastation,,,"0,14"
1,Beneath the Sands,Hour of Devastation,,,"0,14"
1,Ruin Rat,Hour of Devastation,,,"0,14"
1,Act of Heroism,Hour of Devastation,,,"0,13"
1,Lethal Sting,Hour of Devastation,,,"0,13"
1,Moaning Wall,Hour of Devastation,,,"0,13"
1,Rhonas's Stalwart,Hour of Devastation,,,"0,13"
1,Traveler's Amulet,Hour of Devastation,,,"0,13"
1,Ambuscade,Hour of Devastation,,,"0,12"
1,Bitterbow Sharpshooters,Hour of Devastation,,,"0,12"
2,Blur of Blades,Hour of Devastation,,,"0,12"
1,Carrion Screecher,Hour of Devastation,,,"0,12"
1,Dauntless Aven,Hour of Devastation,,,"0,12"
1,Disposal Mummy,Hour of Devastation,,,"0,12"
1,Dutiful Servants,Hour of Devastation,,,"0,12"
2,Gift of Strength,Hour of Devastation,,,"0,12"
1,Granitic Titan,Hour of Devastation,,,"0,12"
1,Graven Abomination,Hour of Devastation,,,"0,12"
2,Harrier Naga,Hour of Devastation,,,"0,12"
1,Khenra Scrapper,Hour of Devastation,,,"0,12"
1,Kindled Fury,Hour of Devastation,,,"0,12"
2,Marauding Boneslasher,Hour of Devastation,,,"0,12"
1,Mummy Paramount,Hour of Devastation,,,"0,12"
2,Puncturing Blow,Hour of Devastation,,,"0,12"
1,Rampaging Hippo,Hour of Devastation,,,"0,12"
1,Sidewinder Naga,Hour of Devastation,,,"0,12"
1,Steadfast Sentinel,Hour of Devastation,,,"0,12"
1,Thorned Moloch,Hour of Devastation,,,"0,12"
1,Wretched Camel,Hour of Devastation,,,"0,12"
2,Countervailing Winds,Hour of Devastation,,,"0,16"
1,Striped Riverwinder,Hour of Devastation,,,"0,16"
1,Spellweaver Eternal,Hour of Devastation,,,"0,14"
3,Unsummon,Hour of Devastation,,,"0,14"
1,Aerial Guide,Hour of Devastation,,,"0,12"
1,Aven Reedstalker,Hour of Devastation,,,"0,12"
1,Seer of the Last Tomorrow,Hour of Devastation,,,"0,12"
1,Overgrown Battlement,Iconic Masters,,,"0,28"
1,Wight of Precinct Six,Iconic Masters,,,"0,20"
1,Dragon Egg,Iconic Masters,,,"0,16"
1,Diminish,Iconic Masters,,,"0,14"
1,Wildsize,Iconic Masters,,,"0,14"
1,Claustrophobia,Iconic Masters,,,"0,14"
1,Virulent Swipe,Iconic Masters,,,"0,14"
2,Bump in the Night,Innistrad,,,"0,19"
1,Gnaw to the Bone,Innistrad,,,"0,19"
7,Ghoulcaller's Chant,Innistrad,,,"0,18"
1,Ambush Viper,Innistrad,,,"0,18"
1,Bonds of Faith,Innistrad,,,"0,16"
1,Dream Twist,Innistrad,,,"0,16"
2,Ghoulcaller's Bell,Innistrad,,,"0,16"
1,Infernal Plunge,Innistrad,,,"0,16"
1,One-Eyed Scarecrow,Innistrad,,,"0,16"
1,Cobbled Wings,Innistrad,,,"0,14"
3,Darkthicket Wolf,Innistrad,,,"0,14"
1,Deranged Assistant,Innistrad,,,"0,14"
1,Doomed Traveler,Innistrad,,,"0,14"
1,Prey Upon,Innistrad,,,"0,14"
3,Skeletal Grimace,Innistrad,,,"0,14"
1,Travel Preparations,Innistrad,,,"0,14"
1,Village Bell-Ringer,Innistrad,,,"0,14"
1,Blazing Torch,Innistrad,,,"0,14"
2,Claustrophobia,Innistrad,,,"0,14"
7,Curse of Oblivion,Innistrad,,,"0,14"
5,Dead Weight,Innistrad,,,"0,14"
5,Manor Skeleton,Innistrad,,,"0,14"
4,Maw of the Mire,Innistrad,,,"0,14"
4,Orchard Spirit,Innistrad,,,"0,14"
1,Rotting Fensnake,Innistrad,,,"0,14"
1,Selhoff Occultist,Innistrad,,,"0,14"
1,Unruly Mob,Innistrad,,,"0,14"
1,Vampiric Fury,Innistrad,,,"0,14"
8,Walking Corpse,Innistrad,,,"0,14"
2,Abbey Griffin,Innistrad,,,"0,13"
2,Corpse Lunge,Innistrad,,,"0,13"
1,Elder Cathar,Innistrad,,,"0,13"
2,Festerhide Boar,Innistrad,,,"0,13"
1,Frightful Delusion,Innistrad,,,"0,13"
2,Grave Bramble,Innistrad,,,"0,13"
3,Gruesome Deformity,Innistrad,,,"0,13"
1,Kindercatch,Innistrad,,,"0,13"
2,Markov Patrician,Innistrad,,,"0,13"
1,Nightbird's Clutches,Innistrad,,,"0,13"
2,Pitchburn Devils,Innistrad,,,"0,13"
1,Selfless Cathar,Innistrad,,,"0,13"
1,Somberwald Spider,Innistrad,,,"0,13"
1,Stromkirk Patrol,Innistrad,,,"0,13"
1,Thraben Purebloods,Innistrad,,,"0,13"
2,Urgent Exorcism,Innistrad,,,"0,13"
3,Vampire Interloper,Innistrad,,,"0,13"
4,Brain Weevil,Innistrad,,,"0,12"
1,Kessig Wolf,Innistrad,,,"0,12"
1,Riot Devils,Innistrad,,,"0,12"
2,Spell Pierce,Ixalan,,,"0,23"
2,Commune with Dinosaurs,Ixalan,,,"0,20"
3,Dive Down,Ixalan,,,"0,20"
3,Costly Plunder,Ixalan,,,"0,18"
4,Rile,Ixalan,,,"0,17"
1,Kinjalli's Caller,Ixalan,,,"0,16"
2,Pounce,Ixalan,,,"0,16"
4,Siren's Ruse,Ixalan,,,"0,16"
1,Prying Blade,Ixalan,,,"0,15"
4,Duress,Ixalan,,,"0,14"
2,Looming Altisaur,Ixalan,,,"0,14"
2,Sun-Crowned Hunters,Ixalan,,,"0,14"
4,Territorial Hammerskull,Ixalan,,,"0,14"
2,Ancient Brontodon,Ixalan,,,"0,14"
3,Bishop's Soldier,Ixalan,,,"0,14"
3,Blinding Fog,Ixalan,,,"0,14"
3,Cancel,Ixalan,,,"0,14"
4,Cobbled Wings,Ixalan,,,"0,14"
4,Demystify,Ixalan,,,"0,14"
2,Depths of Desire,Ixalan,,,"0,14"
3,Firecannon Blast,Ixalan,,,"0,14"
4,March of the Drowned,Ixalan,,,"0,14"
3,Paladin of the Bloodstained,Ixalan,,,"0,14"
3,Prosperous Pirates,Ixalan,,,"0,14"
4,Queen's Commission,Ixalan,,,"0,14"
5,Ravenous Daggertooth,Ixalan,,,"0,14"
4,Siren Lookout,Ixalan,,,"0,14"
3,Thrash of Raptors,Ixalan,,,"0,14"
4,Watertrap Weaver,Ixalan,,,"0,14"
4,Blossom Dryad,Ixalan,,,"0,13"
4,Crash the Ramparts,Ixalan,,,"0,13"
1,Crushing Canopy,Ixalan,,,"0,13"
3,Deadeye Tormentor,Ixalan,,,"0,13"
4,Deeproot Warrior,Ixalan,,,"0,13"
3,Fathom Fleet Cutthroat,Ixalan,,,"0,13"
2,Fire Shrine Keeper,Ixalan,,,"0,13"
3,Grazing Whiptail,Ixalan,,,"0,13"
2,Headstrong Brute,Ixalan,,,"0,13"
3,Hierophant's Chalice,Ixalan,,,"0,13"
1,Hijack,Ixalan,,,"0,13"
4,Ixalli's Diviner,Ixalan,,,"0,13"
3,Nest Robber,Ixalan,,,"0,13"
2,New Horizons,Ixalan,,,"0,13"
4,One With the Wind,Ixalan,,,"0,13"
6,Pirate's Cutlass,Ixalan,,,"0,13"
2,Pirate's Prize,Ixalan,,,"0,13"
5,Ritual of Rejuvenation,Ixalan,,,"0,13"
2,River Heralds' Boon,Ixalan,,,"0,13"
3,Rummaging Goblin,Ixalan,,,"0,13"
4,Shining Aerosaur,Ixalan,,,"0,13"
3,Sunrise Seeker,Ixalan,,,"0,13"
4,Tilonalli's Knight,Ixalan,,,"0,13"
3,Tishana's Wayfinder,Ixalan,,,"0,13"
2,Wind Strider,Ixalan,,,"0,13"
3,Anointed Deacon,Ixalan,,,"0,12"
3,Brazen Buccaneers,Ixalan,,,"0,12"
3,Colossal Dreadmaw,Ixalan,,,"0,12"
3,Contract Killing,Ixalan,,,"0,12"
3,Demolish,Ixalan,,,"0,12"
4,Desperate Castaways,Ixalan,,,"0,12"
2,Dire Fleet Hoarder,Ixalan,,,"0,12"
3,Dire Fleet Interloper,Ixalan,,,"0,12"
3,Dual Shot,Ixalan,,,"0,12"
2,Encampment Keeper,Ixalan,,,"0,12"
3,Fathom Fleet Firebrand,Ixalan,,,"0,12"
2,Frenzied Raptor,Ixalan,,,"0,12"
2,Gilded Sentinel,Ixalan,,,"0,12"
3,Headwater Sentries,Ixalan,,,"0,12"
2,Ixalli's Keeper,Ixalan,,,"0,12"
1,Jade Guardian,Ixalan,,,"0,12"
1,Jungle Delver,Ixalan,,,"0,12"
2,Legion Conquistador,Ixalan,,,"0,12"
2,Legion's Judgment,Ixalan,,,"0,12"
1,Mark of the Vampire,Ixalan,,,"0,12"
3,Pious Interdiction,Ixalan,,,"0,12"
1,Pterodon Knight,Ixalan,,,"0,12"
4,Queen's Agent,Ixalan,,,"0,12"
4,Queen's Bay Soldier,Ixalan,,,"0,12"
2,Raptor Companion,Ixalan,,,"0,12"
2,Run Aground,Ixalan,,,"0,12"
4,Sailor of Means,Ixalan,,,"0,12"
3,Shaper Apprentice,Ixalan,,,"0,12"
5,Shipwreck Looter,Ixalan,,,"0,12"
1,Shore Keeper,Ixalan,,,"0,12"
3,Skittering Heartstopper,Ixalan,,,"0,12"
4,Skulduggery,Ixalan,,,"0,12"
4,Skyblade of the Legion,Ixalan,,,"0,12"
1,Skymarch Bloodletter,Ixalan,,,"0,12"
2,Slash of Talons,Ixalan,,,"0,12"
3,Spike-Tailed Ceratops,Ixalan,,,"0,12"
3,Spreading Rot,Ixalan,,,"0,12"
2,Storm Fleet Pyromancer,Ixalan,,,"0,12"
2,Storm Sculptor,Ixalan,,,"0,12"
3,Sure Strike,Ixalan,,,"0,12"
4,Swashbuckling,Ixalan,,,"0,12"
3,Vampire's Zeal,Ixalan,,,"0,12"
4,Vanquish the Weak,Ixalan,,,"0,12"
7,Triton Shorestalker,Journey into Nyx,,,"0,24"
8,Ajani's Presence,Journey into Nyx,,,"0,23"
10,Lagonna-Band Trailblazer,Journey into Nyx,,,"0,19"
2,Font of Fertility,Journey into Nyx,,,"0,16"
4,Market Festival,Journey into Nyx,,,"0,16"
9,Satyr Hoplite,Journey into Nyx,,,"0,14"
3,Font of Fortunes,Journey into Nyx,,,"0,14"
5,Harvestguard Alseids,Journey into Nyx,,,"0,14"
5,Kruphix's Insight,Journey into Nyx,,,"0,14"
5,Returned Reveler,Journey into Nyx,,,"0,14"
8,Rouse the Mob,Journey into Nyx,,,"0,14"
10,Stonewise Fortifier,Journey into Nyx,,,"0,14"
6,Aerial Formation,Journey into Nyx,,,"0,13"
6,Akroan Mastiff,Journey into Nyx,,,"0,13"
4,Armament of Nyx,Journey into Nyx,,,"0,13"
6,Aspect of Gorgon,Journey into Nyx,,,"0,13"
2,Cloaked Siren,Journey into Nyx,,,"0,13"
5,Dreadbringer Lampads,Journey into Nyx,,,"0,13"
6,Flurry of Horns,Journey into Nyx,,,"0,13"
5,Font of Ire,Journey into Nyx,,,"0,13"
11,Font of Return,Journey into Nyx,,,"0,13"
8,Grim Guardian,Journey into Nyx,,,"0,13"
2,Mortal Obstinacy,Journey into Nyx,,,"0,13"
2,Nature's Panoply,Journey into Nyx,,,"0,13"
5,Oakheart Dryads,Journey into Nyx,,,"0,13"
5,Oppressive Rays,Journey into Nyx,,,"0,13"
9,Pharika's Chosen,Journey into Nyx,,,"0,13"
6,Pheres-Band Thunderhoof,Journey into Nyx,,,"0,13"
5,Ravenous Leucrocota,Journey into Nyx,,,"0,13"
7,Satyr Grovedancer,Journey into Nyx,,,"0,13"
3,Sigiled Skink,Journey into Nyx,,,"0,13"
5,Supply-Line Cranes,Journey into Nyx,,,"0,13"
5,War-Wing Siren,Journey into Nyx,,,"0,13"
4,Bladetusk Boar,Journey into Nyx,,,"0,12"
3,Bloodcrazed Hoplite,Journey into Nyx,,,"0,12"
5,Cast into Darkness,Journey into Nyx,,,"0,12"
7,Countermand,Journey into Nyx,,,"0,12"
5,Cruel Feeding,Journey into Nyx,,,"0,12"
6,Desecration Plague,Journey into Nyx,,,"0,12"
6,Eagle of the Watch,Journey into Nyx,,,"0,12"
1,Feast of Dreams,Journey into Nyx,,,"0,12"
4,Flamespeaker's Will,Journey into Nyx,,,"0,12"
4,Font of Vigor,Journey into Nyx,,,"0,12"
6,Gluttonous Cyclops,Journey into Nyx,,,"0,12"
4,Godhunter Octopus,Journey into Nyx,,,"0,12"
6,Golden Hind,Journey into Nyx,,,"0,12"
7,Hubris,Journey into Nyx,,,"0,12"
7,Humbler of Mortals,Journey into Nyx,,,"0,12"
6,Lightning Diadem,Journey into Nyx,,,"0,12"
5,Nyx Infusion,Journey into Nyx,,,"0,12"
7,Oreskos Swiftclaw,Journey into Nyx,,,"0,12"
8,Pensive Minotaur,Journey into Nyx,,,"0,12"
7,Pin to the Earth,Journey into Nyx,,,"0,12"
8,Renowned Weaver,Journey into Nyx,,,"0,12"
6,Rise of Eagles,Journey into Nyx,,,"0,12"
4,Rotted Hulk,Journey into Nyx,,,"0,12"
3,Sigiled Starfish,Journey into Nyx,,,"0,12"
5,Starfall,Journey into Nyx,,,"0,12"
4,Thassa's Devourer,Journey into Nyx,,,"0,12"
1,Grim Guardian,Journey into Nyx,,,"0,13"
1,Oppressive Rays,Journey into Nyx,,,"0,13"
1,Eagle of the Watch,Journey into Nyx,,,"0,12"
1,Rotted Hulk,Journey into Nyx,,,"0,12"
2,Fragmentize,Kaladesh,,,"0,16"
1,Larger Than Life,Kaladesh,,,"0,16"
1,Prophetic Prism,Kaladesh,,,"0,16"
2,Renegade Freighter,Kaladesh,,,"0,16"
1,Reckless Fireweaver,Kaladesh,,,"0,15"
1,Acrobatic Maneuver,Kaladesh,,,"0,14"
1,Built to Smash,Kaladesh,,,"0,14"
1,Fortuitous Find,Kaladesh,,,"0,14"
2,Gearseeker Serpent,Kaladesh,,,"0,14"
2,Woodweaver's Puzzleknot,Kaladesh,,,"0,14"
1,Aether Tradewinds,Kaladesh,,,"0,14"
1,Chandra's Pyrohelix,Kaladesh,,,"0,14"
1,Consulate Skygate,Kaladesh,,,"0,14"
2,Curio Vendor,Kaladesh,,,"0,14"
1,Live Fast,Kaladesh,,,"0,14"
1,Metalspinner's Puzzleknot,Kaladesh,,,"0,14"
2,Peema Outrider,Kaladesh,,,"0,14"
1,Pressure Point,Kaladesh,,,"0,14"
1,Propeller Pioneer,Kaladesh,,,"0,14"
1,Riparian Tiger,Kaladesh,,,"0,14"
1,Thriving Rhino,Kaladesh,,,"0,14"
3,Thriving Turtle,Kaladesh,,,"0,14"
2,Ambitious Aetherborn,Kaladesh,,,"0,13"
1,Appetite for the Unnatural,Kaladesh,,,"0,13"
2,Aradara Express,Kaladesh,,,"0,13"
2,Bastion Mastodon,Kaladesh,,,"0,13"
1,Dukhara Peafowl,Kaladesh,,,"0,13"
2,Eddytrail Hawk,Kaladesh,,,"0,13"
2,Giant Spectacle,Kaladesh,,,"0,13"
1,Glint-Sleeve Artisan,Kaladesh,,,"0,13"
1,Highspire Artisan,Kaladesh,,,"0,13"
2,Inspired Charge,Kaladesh,,,"0,13"
1,Ninth Bridge Patrol,Kaladesh,,,"0,13"
1,Prakhata Pillar-Bug,Kaladesh,,,"0,13"
1,Ruinous Gremlin,Kaladesh,,,"0,13"
2,Sage of Shaila's Claim,Kaladesh,,,"0,13"
1,Select for Inspection,Kaladesh,,,"0,13"
2,Subtle Strike,Kaladesh,,,"0,13"
1,Take Down,Kaladesh,,,"0,13"
2,Thriving Grubs,Kaladesh,,,"0,13"
2,Thriving Ibex,Kaladesh,,,"0,13"
2,Wayward Giant,Kaladesh,,,"0,13"
1,Weldfast Wingsmith,Kaladesh,,,"0,13"
1,Wily Bandar,Kaladesh,,,"0,13"
1,Cowl Prowler,Kaladesh,,,"0,12"
1,Demolish,Kaladesh,,,"0,12"
1,Dhund Operative,Kaladesh,,,"0,12"
2,Dukhara Scavenger,Kaladesh,,,"0,12"
1,Eager Construct,Kaladesh,,,"0,12"
2,Failed Inspection,Kaladesh,,,"0,12"
1,Glassblower's Puzzleknot,Kaladesh,,,"0,12"
1,Hunt the Weak,Kaladesh,,,"0,12"
1,Malfunction,Kaladesh,,,"0,12"
1,Maulfist Squad,Kaladesh,,,"0,12"
2,Narnam Cobra,Kaladesh,,,"0,12"
1,Prakhata Club Security,Kaladesh,,,"0,12"
1,Skyswirl Harrier,Kaladesh,,,"0,12"
1,Spontaneous Artist,Kaladesh,,,"0,12"
1,Terror of the Fairgrounds,Kaladesh,,,"0,12"
2,Tidy Conclusion,Kaladesh,,,"0,12"
2,Torch Gauntlet,Kaladesh,,,"0,12"
1,Vedalken Blademaster,Kaladesh,,,"0,12"
1,Weldfast Monitor,Kaladesh,,,"0,12"
1,Wind Drake,Kaladesh,,,"0,12"
1,Treasure Cruise,Khans of Tarkir,,,"0,28"
3,Feed the Clan,Khans of Tarkir,,,"0,18"
2,Disdainful Stroke,Khans of Tarkir,,,"0,16"
1,Feat of Resistance,Khans of Tarkir,,,"0,14"
1,Tormenting Voice,Khans of Tarkir,,,"0,14"
10,Abomination of Gudul,Khans of Tarkir,,,"0,14"
1,Arrow Storm,Khans of Tarkir,,,"0,14"
1,Bitter Revelation,Khans of Tarkir,,,"0,14"
1,Embodiment of Spring,Khans of Tarkir,,,"0,14"
1,Hooting Mandrills,Khans of Tarkir,,,"0,14"
1,Kill Shot,Khans of Tarkir,,,"0,14"
1,Rite of the Serpent,Khans of Tarkir,,,"0,14"
3,Savage Punch,Khans of Tarkir,,,"0,14"
2,Sidisi's Pet,Khans of Tarkir,,,"0,14"
1,Sultai Banner,Khans of Tarkir,,,"0,14"
2,Taigam's Scheming,Khans of Tarkir,,,"0,14"
1,Temur Banner,Khans of Tarkir,,,"0,14"
1,Unyielding Krumar,Khans of Tarkir,,,"0,14"
1,Abzan Banner,Khans of Tarkir,,,"0,13"
7,Abzan Guide,Khans of Tarkir,,,"0,13"
1,Ainok Bond-Kin,Khans of Tarkir,,,"0,13"
3,Alabaster Kirin,Khans of Tarkir,,,"0,13"
1,Awaken the Bear,Khans of Tarkir,,,"0,13"
1,Barrage of Boulders,Khans of Tarkir,,,"0,13"
1,Bloodfire Expert,Khans of Tarkir,,,"0,13"
1,Cancel,Khans of Tarkir,,,"0,13"
1,Dragonscale Boon,Khans of Tarkir,,,"0,13"
7,Efreet Weaponmaster,Khans of Tarkir,,,"0,13"
1,Firehoof Cavalry,Khans of Tarkir,,,"0,13"
1,Jeskai Student,Khans of Tarkir,,,"0,13"
1,Kin-Tree Warden,Khans of Tarkir,,,"0,13"
2,Leaping Master,Khans of Tarkir,,,"0,13"
1,Mardu Hateblade,Khans of Tarkir,,,"0,13"
7,Ponyback Brigade,Khans of Tarkir,,,"0,13"
1,Rakshasa's Secret,Khans of Tarkir,,,"0,13"
1,Rush of Battle,Khans of Tarkir,,,"0,13"
1,Sage-Eye Harrier,Khans of Tarkir,,,"0,13"
1,Sagu Archer,Khans of Tarkir,,,"0,13"
2,Scout the Borders,Khans of Tarkir,,,"0,13"
3,Singing Bell Strike,Khans of Tarkir,,,"0,13"
1,Smoke Teller,Khans of Tarkir,,,"0,13"
1,Summit Prowler,Khans of Tarkir,,,"0,13"
1,Swift Kick,Khans of Tarkir,,,"0,13"
1,Tusked Colossodon,Khans of Tarkir,,,"0,13"
3,Weave Fate,Khans of Tarkir,,,"0,13"
1,Wetland Sambar,Khans of Tarkir,,,"0,13"
1,Archers' Parapet,Khans of Tarkir,,,"0,12"
1,Crippling Chill,Khans of Tarkir,,,"0,12"
3,Debilitating Injury,Khans of Tarkir,,,"0,12"
1,Force Away,Khans of Tarkir,,,"0,12"
1,Jeskai Windscout,Khans of Tarkir,,,"0,12"
1,Kheru Dreadmaw,Khans of Tarkir,,,"0,12"
1,Mystic of the Hidden Way,Khans of Tarkir,,,"0,12"
3,Naturalize,Khans of Tarkir,,,"0,12"
1,Siegecraft,Khans of Tarkir,,,"0,12"
1,Smite the Monstrous,Khans of Tarkir,,,"0,12"
3,Trumpet Blast,Khans of Tarkir,,,"0,12"
1,Disdainful Stroke,Khans of Tarkir,,,"0,16"
2,Wall of Vapor,Legends,,,"0,22"
1,Lowland Tracker,Legions,,,"0,14"
2,Leaf Gilder,Lorwyn,,,"0,15"
1,Burning Inquiry,Magic 2010,,,"1,55"
1,Rampant Growth,Magic 2010,,,"0,43"
1,Disentomb,Magic 2010,,,"0,14"
1,Yawning Fissure,Magic 2010,,,"0,14"
1,Child of Night,Magic 2010,,,"0,12"
1,Gravedigger,Magic 2010,,,"0,12"
1,Diminish,Magic 2011,,,"0,14"
1,Berserkers of Blood Ridge,Magic 2011,,,"0,12"
1,Cloud Elemental,Magic 2011,,,"0,12"
1,Disentomb,Magic 2011,,,"0,12"
1,Nether Horror,Magic 2011,,,"0,12"
1,Stonehorn Dignitary,Magic 2012,,,"0,61"
1,Aether Adept,Magic 2012,,,"0,17"
2,Blood Seeker,Magic 2012,,,"0,16"
1,Manalith,Magic 2012,,,"0,16"
1,Auramancer,Magic 2012,,,"0,15"
2,Angel's Mercy,Magic 2012,,,"0,14"
2,Pride Guardian,Magic 2012,,,"0,14"
1,Bountiful Harvest,Magic 2012,,,"0,14"
3,Brindle Boar,Magic 2012,,,"0,14"
6,Dark Favor,Magic 2012,,,"0,14"
2,Devouring Swarm,Magic 2012,,,"0,14"
2,Giant Spider,Magic 2012,,,"0,14"
1,Goblin War Paint,Magic 2012,,,"0,14"
2,Lurking Crocodile,Magic 2012,,,"0,14"
1,Merfolk Looter,Magic 2012,,,"0,14"
1,Stormfront Pegasus,Magic 2012,,,"0,14"
3,Taste of Blood,Magic 2012,,,"0,14"
1,Vastwood Gorger,Magic 2012,,,"0,14"
5,Zombie Goliath,Magic 2012,,,"0,14"
1,Armored Warhorse,Magic 2012,,,"0,13"
1,Blood Ogre,Magic 2012,,,"0,13"
3,Bloodrage Vampire,Magic 2012,,,"0,13"
9,Brink of Disaster,Magic 2012,,,"0,13"
1,Coral Merfolk,Magic 2012,,,"0,13"
1,Demystify,Magic 2012,,,"0,13"
1,Fiery Hellhound,Magic 2012,,,"0,13"
1,Firebreathing,Magic 2012,,,"0,13"
2,Goblin Piker,Magic 2012,,,"0,13"
2,Gravedigger,Magic 2012,,,"0,13"
1,Griffin Rider,Magic 2012,,,"0,13"
1,Griffin Sentinel,Magic 2012,,,"0,13"
3,Hideous Visage,Magic 2012,,,"0,13"
1,Manic Vandal,Magic 2012,,,"0,13"
1,Siege Mastodon,Magic 2012,,,"0,13"
2,Warpath Ghoul,Magic 2012,,,"0,13"
3,Wring Flesh,Magic 2012,,,"0,13"
4,Child of Night,Magic 2012,,,"0,12"
2,Disentomb,Magic 2012,,,"0,12"
2,Drifting Shade,Magic 2012,,,"0,12"
1,Lava Axe,Magic 2012,,,"0,12"
1,Plummet,Magic 2012,,,"0,12"
1,Sorin's Thirst,Magic 2012,,,"0,12"
2,Battleflight Eagle,Magic 2013,,,"0,14"
2,Pillarfield Ox,Magic 2013,,,"0,14"
1,Divine Verdict,Magic 2013,,,"0,13"
1,Erase,Magic 2013,,,"0,13"
1,Show of Valor,Magic 2013,,,"0,13"
3,War Falcon,Magic 2013,,,"0,13"
1,Glorious Charge,Magic 2013,,,"0,12"
2,Griffin Protector,Magic 2013,,,"0,12"
2,Safe Passage,Magic 2013,,,"0,12"
2,Farseek,Magic 2013,,,"0,80"
1,Arbor Elf,Magic 2013,,,"0,30"
1,Archaeomancer,Magic 2013,,,"0,21"
2,Krenko's Command,Magic 2013,,,"0,19"
1,Ranger's Path,Magic 2013,,,"0,18"
2,Ajani's Sunstriker,Magic 2013,,,"0,17"
3,Murder,Magic 2013,,,"0,16"
2,Tormented Soul,Magic 2013,,,"0,16"
2,Negate,Magic 2013,,,"0,15"
1,Wild Guess,Magic 2013,,,"0,15"
2,Angel's Mercy,Magic 2013,,,"0,14"
1,Battleflight Eagle,Magic 2013,,,"0,14"
3,Bond Beetle,Magic 2013,,,"0,14"
1,Disentomb,Magic 2013,,,"0,14"
2,Dragon Hatchling,Magic 2013,,,"0,14"
1,Goblin Arsonist,Magic 2013,,,"0,14"
1,Hydrosurge,Magic 2013,,,"0,14"
1,Mark of the Vampire,Magic 2013,,,"0,14"
1,Smelt,Magic 2013,,,"0,14"
1,Attended Knight,Magic 2013,,,"0,13"
1,Aven Squire,Magic 2013,,,"0,13"
1,Bladetusk Boar,Magic 2013,,,"0,13"
1,Captain's Call,Magic 2013,,,"0,13"
1,Craterize,Magic 2013,,,"0,13"
1,Duress,Magic 2013,,,"0,13"
3,Duty-Bound Dead,Magic 2013,,,"0,13"
2,Goblin Battle Jester,Magic 2013,,,"0,13"
2,Liliana's Shade,Magic 2013,,,"0,13"
1,Sentinel Spider,Magic 2013,,,"0,13"
2,Spiked Baloth,Magic 2013,,,"0,13"
1,Tricks of the Trade,Magic 2013,,,"0,13"
2,Unsummon,Magic 2013,,,"0,13"
1,Yeva's Forcemage,Magic 2013,,,"0,13"
2,Zombie Goliath,Magic 2013,,,"0,13"
1,Bloodhunter Bat,Magic 2013,,,"0,12"
1,Centaur Courser,Magic 2013,,,"0,12"
1,Chandra's Fury,Magic 2013,,,"0,12"
1,Downpour,Magic 2013,,,"0,12"
2,Encrust,Magic 2013,,,"0,12"
1,Essence Drain,Magic 2013,,,"0,12"
1,Faerie Invaders,Magic 2013,,,"0,12"
1,Fire Elemental,Magic 2013,,,"0,12"
1,Giant Scorpion,Magic 2013,,,"0,12"
2,Harbor Serpent,Magic 2013,,,"0,12"
2,Kindled Fury,Magic 2013,,,"0,12"
3,Mind Rot,Magic 2013,,,"0,12"
1,Mogg Flunkies,Magic 2013,,,"0,12"
1,Prey Upon,Magic 2013,,,"0,12"
1,Primal Huntbeast,Magic 2013,,,"0,12"
1,Ravenous Rats,Magic 2013,,,"0,12"
1,Reckless Brute,Magic 2013,,,"0,12"
1,Scroll Thief,Magic 2013,,,"0,12"
1,Servant of Nefarox,Magic 2013,,,"0,12"
1,Turn to Slag,Magic 2013,,,"0,12"
2,Vastwood Gorger,Magic 2013,,,"0,12"
1,Wall of Fire,Magic 2013,,,"0,12"
1,Watercourser,Magic 2013,,,"0,12"
1,Welkin Tern,Magic 2013,,,"0,12"
1,Wind Drake,Magic 2013,,,"0,12"
2,Shadowborn Apostle,Magic 2014,,,"3,19"
3,Predatory Sliver,Magic 2014,,,"0,46"
6,Sentinel Sliver,Magic 2014,,,"0,44"
6,Elvish Mystic,Magic 2014,,,"0,37"
3,Striking Sliver,Magic 2014,,,"0,33"
7,Sporemound,Magic 2014,,,"0,28"
5,Blur Sliver,Magic 2014,,,"0,21"
5,Archaeomancer,Magic 2014,,,"0,20"
2,Hive Stirrings,Magic 2014,,,"0,20"
6,Tome Scour,Magic 2014,,,"0,20"
6,Groundshaker Sliver,Magic 2014,,,"0,18"
5,Sliver Construct,Magic 2014,,,"0,18"
5,Fog,Magic 2014,,,"0,16"
2,Celestial Flare,Magic 2014,,,"0,15"
4,Pillarfield Ox,Magic 2014,,,"0,15"
1,Plains,Magic 2014,,,"0,15"
6,Shock,Magic 2014,,,"0,15"
4,Wild Guess,Magic 2014,,,"0,15"
5,Angelic Wall,Magic 2014,,,"0,14"
1,Blood Bairn,Magic 2014,,,"0,14"
8,Deadly Recluse,Magic 2014,,,"0,14"
3,Dragon Hatchling,Magic 2014,,,"0,14"
2,Duress,Magic 2014,,,"0,14"
3,Negate,Magic 2014,,,"0,14"
5,Ranger's Guile,Magic 2014,,,"0,14"
6,Show of Valor,Magic 2014,,,"0,14"
2,Shrivel,Magic 2014,,,"0,14"
4,Siege Mastodon,Magic 2014,,,"0,14"
3,Altar's Reap,Magic 2014,,,"0,14"
2,Auramancer,Magic 2014,,,"0,14"
6,Brindle Boar,Magic 2014,,,"0,14"
9,Chandra's Outrage,Magic 2014,,,"0,14"
7,Corpse Hauler,Magic 2014,,,"0,14"
6,Dawnstrike Paladin,Magic 2014,,,"0,14"
2,Pay No Heed,Magic 2014,,,"0,14"
4,Scroll Thief,Magic 2014,,,"0,14"
5,Suntail Hawk,Magic 2014,,,"0,14"
6,Verdant Haven,Magic 2014,,,"0,14"
4,Vile Rebirth,Magic 2014,,,"0,14"
6,Act of Treason,Magic 2014,,,"0,13"
2,Advocate of the Beast,Magic 2014,,,"0,13"
3,Cancel,Magic 2014,,,"0,13"
3,Canyon Minotaur,Magic 2014,,,"0,13"
3,Capashen Knight,Magic 2014,,,"0,13"
2,Coral Merfolk,Magic 2014,,,"0,13"
3,Cyclops Tyrant,Magic 2014,,,"0,13"
5,Dark Favor,Magic 2014,,,"0,13"
5,Deathgaze Cockatrice,Magic 2014,,,"0,13"
7,Demolish,Magic 2014,,,"0,13"
7,Disperse,Magic 2014,,,"0,13"
7,Divination,Magic 2014,,,"0,13"
2,Divine Favor,Magic 2014,,,"0,13"
2,Essence Scatter,Magic 2014,,,"0,13"
4,Festering Newt,Magic 2014,,,"0,13"
7,Frost Breath,Magic 2014,,,"0,13"
4,Giant Growth,Magic 2014,,,"0,13"
4,Giant Spider,Magic 2014,,,"0,13"
6,Griffin Sentinel,Magic 2014,,,"0,13"
4,Lightning Talons,Magic 2014,,,"0,13"
5,Marauding Maulhorn,Magic 2014,,,"0,13"
4,Master of Diversion,Magic 2014,,,"0,13"
4,Merfolk Spy,Magic 2014,,,"0,13"
5,Messenger Drake,Magic 2014,,,"0,13"
2,Mind Rot,Magic 2014,,,"0,13"
5,Minotaur Abomination,Magic 2014,,,"0,13"
4,Naturalize,Magic 2014,,,"0,13"
3,Nightwing Shade,Magic 2014,,,"0,13"
6,Pitchburn Devils,Magic 2014,,,"0,13"
4,Regathan Firecat,Magic 2014,,,"0,13"
4,Sensory Deprivation,Magic 2014,,,"0,13"
5,Smelt,Magic 2014,,,"0,13"
6,Solemn Offering,Magic 2014,,,"0,13"
2,Trained Condor,Magic 2014,,,"0,13"
6,Wring Flesh,Magic 2014,,,"0,13"
4,Academy Raider,Magic 2014,,,"0,12"
5,Accursed Spirit,Magic 2014,,,"0,12"
4,Armored Cancrix,Magic 2014,,,"0,12"
3,Charging Griffin,Magic 2014,,,"0,12"
6,Child of Night,Magic 2014,,,"0,12"
3,Claustrophobia,Magic 2014,,,"0,12"
6,Fortify,Magic 2014,,,"0,12"
5,Goblin Shortcutter,Magic 2014,,,"0,12"
6,Hunt the Weak,Magic 2014,,,"0,12"
3,Lava Axe,Magic 2014,,,"0,12"
2,Lay of the Land,Magic 2014,,,"0,12"
4,Liturgy of Blood,Magic 2014,,,"0,12"
5,Mark of the Vampire,Magic 2014,,,"0,12"
4,Nephalia Seakite,Magic 2014,,,"0,12"
9,Pacifism,Magic 2014,,,"0,12"
7,Plummet,Magic 2014,,,"0,12"
3,Quag Sickness,Magic 2014,,,"0,12"
3,Rootwalla,Magic 2014,,,"0,12"
4,Rumbling Baloth,Magic 2014,,,"0,12"
5,Seacoast Drake,Magic 2014,,,"0,12"
7,Seismic Stomp,Magic 2014,,,"0,12"
3,Soulmender,Magic 2014,,,"0,12"
2,Thunder Strike,Magic 2014,,,"0,12"
6,Time Ebb,Magic 2014,,,"0,12"
8,Trollhide,Magic 2014,,,"0,12"
3,Undead Minotaur,Magic 2014,,,"0,12"
6,Zephyr Charge,Magic 2014,,,"0,12"
2,Duress,Magic 2014,,,"0,14"
1,Altar's Reap,Magic 2014,,,"0,14"
1,Corpse Hauler,Magic 2014,,,"0,14"
1,Vile Rebirth,Magic 2014,,,"0,14"
1,Festering Newt,Magic 2014,,,"0,13"
2,Mind Rot,Magic 2014,,,"0,13"
1,Minotaur Abomination,Magic 2014,,,"0,13"
1,Elvish Mystic,Magic 2015,,,"0,37"
1,Ornithopter,Magic 2015,,,"0,20"
1,Heliod's Pilgrim,Magic 2015,,,"0,18"
1,Foundry Street Denizen,Magic 2015,,,"0,16"
1,Shadowcloak Vampire,Magic 2015,,,"0,15"
3,Meditation Puzzle,Magic 2015,,,"0,14"
1,Runeclaw Bear,Magic 2015,,,"0,14"
2,Carrion Crow,Magic 2015,,,"0,14"
1,Chronostutter,Magic 2015,,,"0,14"
1,Crowd's Favor,Magic 2015,,,"0,14"
1,Hunter's Ambush,Magic 2015,,,"0,14"
1,Invasive Species,Magic 2015,,,"0,14"
1,Invisibility,Magic 2015,,,"0,14"
1,Marked by Honor,Magic 2015,,,"0,14"
3,Miner's Bane,Magic 2015,,,"0,14"
1,Necrobite,Magic 2015,,,"0,14"
1,Peel from Reality,Magic 2015,,,"0,14"
1,Research Assistant,Magic 2015,,,"0,14"
2,Rummaging Goblin,Magic 2015,,,"0,14"
1,Scrapyard Mongrel,Magic 2015,,,"0,14"
2,Statute of Denial,Magic 2015,,,"0,14"
1,Tyrant's Machine,Magic 2015,,,"0,14"
3,Will-Forged Golem,Magic 2015,,,"0,14"
1,Blastfire Bolt,Magic 2015,,,"0,13"
1,Carnivorous Moss-Beast,Magic 2015,,,"0,13"
1,Charging Rhino,Magic 2015,,,"0,13"
1,Covenant of Blood,Magic 2015,,,"0,13"
1,Crippling Blight,Magic 2015,,,"0,13"
2,Divine Favor,Magic 2015,,,"0,13"
1,Fugitive Wizard,Magic 2015,,,"0,13"
1,Hydrosurge,Magic 2015,,,"0,13"
1,Kinsbaile Skirmisher,Magic 2015,,,"0,13"
1,Living Totem,Magic 2015,,,"0,13"
1,Razorfoot Griffin,Magic 2015,,,"0,13"
1,Shaman of Spring,Magic 2015,,,"0,13"
1,Tireless Missionaries,Magic 2015,,,"0,13"
1,Witch's Familiar,Magic 2015,,,"0,13"
1,Divination,Magic 2015,,,"0,12"
2,Flesh to Dust,Magic 2015,,,"0,12"
1,Plummet,Magic 2015,,,"0,12"
2,Fiery Hellhound,Magic Origins,,,"0,21"
3,Faerie Miscreant,Magic Origins,,,"0,20"
1,Flesh to Dust,Magic Origins,,,"0,20"
1,Mind Rot,Magic Origins,,,"0,20"
1,Plummet,Magic Origins,,,"0,20"
1,Read the Bones,Magic Origins,,,"0,20"
2,Weave Fate,Magic Origins,,,"0,20"
1,Fiery Impulse,Magic Origins,,,"0,18"
2,Divine Verdict,Magic Origins,,,"0,15"
1,Mighty Leap,Magic Origins,,,"0,14"
1,Reave Soul,Magic Origins,,,"0,14"
3,Act of Treason,Magic Origins,,,"0,14"
2,Celestial Flare,Magic Origins,,,"0,14"
1,Eagle of the Watch,Magic Origins,,,"0,14"
1,Charging Griffin,Magic Origins,,,"0,13"
1,Deadbridge Shaman,Magic Origins,,,"0,13"
1,Enshrouding Mist,Magic Origins,,,"0,13"
1,Fetid Imp,Magic Origins,,,"0,13"
1,Hitchclaw Recluse,Magic Origins,,,"0,13"
2,Prickleboar,Magic Origins,,,"0,13"
1,Ringwarden Owl,Magic Origins,,,"0,13"
1,Send to Sleep,Magic Origins,,,"0,13"
1,Volcanic Rambler,Magic Origins,,,"0,13"
1,Catacomb Slug,Magic Origins,,,"0,12"
2,Claustrophobia,Magic Origins,,,"0,12"
1,Maritime Guard,Magic Origins,,,"0,12"
1,Watercourser,Magic Origins,,,"0,12"
1,Negate,Magic Origins,,,"0,14"
1,Loyal Sentry,Masters 25,,,"0,17"
1,Supernatural Stamina,Masters 25,,,"0,16"
1,Soulbright Flamekin,Masters 25,,,"0,15"
1,Elvish Aberration,Masters 25,,,"0,14"
1,Choking Tethers,Masters 25,,,"0,13"
1,Skeletonize,Masters 25,,,"0,13"
1,Dross Scorpion,Mirrodin,,Good,"0,20"
2,Tooth of Chiss-Goria,Mirrodin,,Good,"0,14"
1,Clockwork Beetle,Mirrodin,,Poor,"0,13"
1,Omega Myr,Mirrodin,,Good,"0,12"
1,Galvanic Key,Mirrodin,,Good,"0,14"
1,Shriekhorn,Mirrodin Besieged,,,"0,39"
2,Flensermite,Mirrodin Besieged,,,"0,20"
3,Rot Wolf,Mirrodin Besieged,,,"0,18"
1,Spread the Sickness,Mirrodin Besieged,,,"0,18"
1,Phyrexian Digester,Mirrodin Besieged,,,"0,16"
5,Virulent Wound,Mirrodin Besieged,,,"0,16"
2,Steel Sabotage,Mirrodin Besieged,,,"0,14"
3,Unnatural Predation,Mirrodin Besieged,,,"0,14"
1,Horrifying Revelation,Mirrodin Besieged,,,"0,14"
1,Morbid Plunder,Mirrodin Besieged,,,"0,14"
1,Oculus,Mirrodin Besieged,,,"0,14"
3,Rally the Forces,Mirrodin Besieged,,,"0,14"
1,Caustic Hound,Mirrodin Besieged,,,"0,13"
1,Dross Ripper,Mirrodin Besieged,,,"0,13"
1,Pistus Strike,Mirrodin Besieged,,,"0,13"
3,Razorfield Rhino,Mirrodin Besieged,,,"0,13"
1,Blisterstick Shaman,Mirrodin Besieged,,,"0,12"
3,Tangle Hulk,Mirrodin Besieged,,,"0,12"
1,Arcum's Astrolabe,Modern Horizons,,,"0,39"
1,Changeling Outcast,Modern Horizons,,,"0,20"
1,Weather the Storm,Modern Horizons,,,"0,20"
1,Moonblade Shinobi,Modern Horizons,,,"0,16"
1,Elvish Fury,Modern Horizons,,,"0,15"
1,Goblin War Party,Modern Horizons,,,"0,15"
1,Quakefoot Cyclops,Modern Horizons,,,"0,15"
1,Bellowing Elk,Modern Horizons,,,"0,14"
1,Goatnap,Modern Horizons,,,"0,14"
1,Winter's Rest,Modern Horizons,,,"0,14"
1,Soul-Strike Technique,Modern Horizons,,,"0,14"
1,Stinkweed Imp,Modern Masters,,,"0,88"
1,Faerie Mechanist,Modern Masters,,,"0,16"
1,Warren Weirding,Modern Masters,,,"0,16"
1,Erratic Mutation,Modern Masters,,,"0,14"
1,Skyreach Manta,Modern Masters,,,"0,14"
1,Vedalken Dismisser,Modern Masters,,,"0,14"
1,Seal of Primordium,Modern Masters 2017,,,"0,26"
1,Sundering Growth,Modern Masters 2017,,,"0,18"
1,Golgari Rotwurm,Modern Masters 2017,,,"0,17"
1,Scorched Rusalka,Modern Masters 2017,,,"0,16"
1,Grasp of Phantoms,Modern Masters 2017,,,"0,15"
2,Elvish Warrior,Morningtide,,,"0,14"
4,Mutagenic Growth,New Phyrexia,,,"0,83"
4,Glistener Elf,New Phyrexia,,,"0,77"
6,Grim Affliction,New Phyrexia,,,"0,20"
4,Pristine Talisman,New Phyrexia,,,"0,20"
1,Lost Leonin,New Phyrexia,,,"0,18"
1,Maul Splicer,New Phyrexia,,,"0,16"
4,Toxic Nim,New Phyrexia,,,"0,16"
1,Hovermyr,New Phyrexia,,,"0,15"
2,Porcelain Legionnaire,New Phyrexia,,,"0,15"
3,Evil Presence,New Phyrexia,,,"0,14"
4,Gremlin Mine,New Phyrexia,,,"0,14"
1,Immolating Souleater,New Phyrexia,,,"0,14"
2,Leeching Bite,New Phyrexia,,,"0,14"
8,Mycosynth Wellspring,New Phyrexia,,,"0,14"
3,Pestilent Souleater,New Phyrexia,,,"0,14"
1,Razor Swine,New Phyrexia,,,"0,14"
8,Remember the Fallen,New Phyrexia,,,"0,14"
1,Scrapyard Salvo,New Phyrexia,,,"0,14"
8,Shriek Raptor,New Phyrexia,,,"0,14"
2,Thundering Tanadon,New Phyrexia,,,"0,14"
3,Viridian Harvest,New Phyrexia,,,"0,14"
1,Blind Zealot,New Phyrexia,,,"0,14"
1,Blinding Souleater,New Phyrexia,,,"0,14"
2,Insatiable Souleater,New Phyrexia,,,"0,14"
5,Mortis Dogs,New Phyrexia,,,"0,14"
4,Ogre Menial,New Phyrexia,,,"0,14"
3,Parasitic Implant,New Phyrexia,,,"0,14"
7,Pith Driller,New Phyrexia,,,"0,14"
1,Rotted Hystrix,New Phyrexia,,,"0,14"
2,Sensor Splicer,New Phyrexia,,,"0,13"
1,Sleight of Hand,Ninth Edition,,,"1,19"
1,Seer's Lantern,Oath of the Gatewatch,,,"0,16"
4,Kozilek's Pathfinder,Oath of the Gatewatch,,,"0,14"
3,Affa Protector,Oath of the Gatewatch,,,"0,14"
2,Cultivator Drone,Oath of the Gatewatch,,,"0,14"
1,Cinder Hellion,Oath of the Gatewatch,,,"0,13"
1,Comparative Analysis,Oath of the Gatewatch,,,"0,13"
2,Goblin Freerunner,Oath of the Gatewatch,,,"0,13"
1,Gravity Negator,Oath of the Gatewatch,,,"0,13"
2,Kor Sky Climber,Oath of the Gatewatch,,,"0,13"
3,Spawnbinder Mage,Oath of the Gatewatch,,,"0,13"
1,Tajuru Pathwarden,Oath of the Gatewatch,,,"0,13"
1,Loam Larva,Oath of the Gatewatch,,,"0,12"
1,Sweep Away,Oath of the Gatewatch,,,"0,12"
2,Negate,Oath of the Gatewatch,,,"0,14"
2,Anarchist,Odyssey,,,"0,15"
1,Persistent Petitioners,Ravnica Allegiance,,,"0,86"
1,Skewer the Critics,Ravnica Allegiance,,,"0,39"
1,Growth Spiral,Ravnica Allegiance,,,"0,30"
2,Thought Collapse,Ravnica Allegiance,,,"0,18"
1,Footlight Fiend,Ravnica Allegiance,,,"0,16"
2,Impassioned Orator,Ravnica Allegiance,,,"0,16"
2,Orzhov Locket,Ravnica Allegiance,,,"0,16"
3,Rakdos Locket,Ravnica Allegiance,,,"0,16"
3,Shimmer of Possibility,Ravnica Allegiance,,,"0,16"
2,Azorius Locket,Ravnica Allegiance,,,"0,15"
3,Ill-Gotten Inheritance,Ravnica Allegiance,,,"0,15"
3,Imperious Oligarch,Ravnica Allegiance,,,"0,15"
4,Lawmage's Binding,Ravnica Allegiance,,,"0,15"
3,Quench,Ravnica Allegiance,,,"0,15"
2,Root Snare,Ravnica Allegiance,,,"0,15"
2,Saruli Caretaker,Ravnica Allegiance,,,"0,15"
2,Simic Locket,Ravnica Allegiance,,,"0,15"
1,Faerie Duelist,Ravnica Allegiance,,,"0,14"
1,Final Payment,Ravnica Allegiance,,,"0,14"
2,Goblin Gathering,Ravnica Allegiance,,,"0,14"
3,Justiciar's Portal,Ravnica Allegiance,,,"0,14"
1,Noxious Groodion,Ravnica Allegiance,,,"0,14"
4,Open the Gates,Ravnica Allegiance,,,"0,14"
1,Rafter Demon,Ravnica Allegiance,,,"0,14"
1,Rakdos Roustabout,Ravnica Allegiance,,,"0,14"
3,Rakdos Trumpeter,Ravnica Allegiance,,,"0,14"
2,Sage's Row Savant,Ravnica Allegiance,,,"0,14"
3,Sauroform Hybrid,Ravnica Allegiance,,,"0,14"
2,Slimebind,Ravnica Allegiance,,,"0,14"
2,Spear Spewer,Ravnica Allegiance,,,"0,14"
1,Sphinx's Insight,Ravnica Allegiance,,,"0,14"
4,Act of Treason,Ravnica Allegiance,,,"0,14"
1,Bring to Trial,Ravnica Allegiance,,,"0,14"
2,Burn Bright,Ravnica Allegiance,,,"0,14"
2,Burning-Tree Vandal,Ravnica Allegiance,,,"0,14"
1,Chillbringer,Ravnica Allegiance,,,"0,14"
4,Deface,Ravnica Allegiance,,,"0,14"
1,Feral Maaka,Ravnica Allegiance,,,"0,14"
2,Frenzied Arynx,Ravnica Allegiance,,,"0,14"
2,Grasping Thrull,Ravnica Allegiance,,,"0,14"
4,Gravel-Hide Goblin,Ravnica Allegiance,,,"0,14"
2,Gruul Locket,Ravnica Allegiance,,,"0,14"
2,Haazda Officer,Ravnica Allegiance,,,"0,14"
4,Humongulus,Ravnica Allegiance,,,"0,14"
3,Knight of Sorrows,Ravnica Allegiance,,,"0,14"
1,Mammoth Spider,Ravnica Allegiance,,,"0,14"
3,Plague Wight,Ravnica Allegiance,,,"0,14"
2,Prying Eyes,Ravnica Allegiance,,,"0,14"
1,Rubble Reading,Ravnica Allegiance,,,"0,14"
2,Rubblebelt Recluse,Ravnica Allegiance,,,"0,14"
1,Sagittars' Volley,Ravnica Allegiance,,,"0,14"
3,Savage Smash,Ravnica Allegiance,,,"0,14"
2,Scorchmark,Ravnica Allegiance,,,"0,14"
3,Senate Courier,Ravnica Allegiance,,,"0,14"
3,Spikewheel Acrobat,Ravnica Allegiance,,,"0,14"
3,Steeple Creeper,Ravnica Allegiance,,,"0,14"
1,Storm Strike,Ravnica Allegiance,,,"0,14"
1,Syndicate Messenger,Ravnica Allegiance,,,"0,14"
2,Thirsting Shade,Ravnica Allegiance,,,"0,14"
2,Titanic Brawl,Ravnica Allegiance,,,"0,14"
1,Undercity's Embrace,Ravnica Allegiance,,,"0,14"
3,Watchful Giant,Ravnica Allegiance,,,"0,14"
2,Wrecking Beast,Ravnica Allegiance,,,"0,14"
2,Arrester's Zeal,Ravnica Allegiance,,,"0,13"
2,Axebane Beast,Ravnica Allegiance,,,"0,13"
2,Concordia Pegasus,Ravnica Allegiance,,,"0,13"
2,Consign to the Pit,Ravnica Allegiance,,,"0,13"
1,Coral Commando,Ravnica Allegiance,,,"0,13"
3,Dead Revels,Ravnica Allegiance,,,"0,13"
2,Expose to Daylight,Ravnica Allegiance,,,"0,13"
2,Get the Point,Ravnica Allegiance,,,"0,13"
4,Gift of Strength,Ravnica Allegiance,,,"0,13"
1,Prowling Caracal,Ravnica Allegiance,,,"0,13"
3,Rampaging Rendhorn,Ravnica Allegiance,,,"0,13"
2,Scuttlegator,Ravnica Allegiance,,,"0,13"
1,Skitter Eel,Ravnica Allegiance,,,"0,13"
2,Summary Judgment,Ravnica Allegiance,,,"0,13"
1,Sylvan Brushstrider,Ravnica Allegiance,,,"0,13"
3,Tenth District Veteran,Ravnica Allegiance,,,"0,13"
3,Territorial Boar,Ravnica Allegiance,,,"0,13"
3,Twilight Panther,Ravnica Allegiance,,,"0,13"
2,Undercity Scavenger,Ravnica Allegiance,,,"0,13"
2,Vizkopa Vampire,Ravnica Allegiance,,,"0,13"
4,Aeromunculus,Ravnica Allegiance,,,"0,12"
3,Applied Biomancy,Ravnica Allegiance,,,"0,12"
3,Arrester's Admonition,Ravnica Allegiance,,,"0,12"
3,Azorius Knight-Arbiter,Ravnica Allegiance,,,"0,12"
1,Blade Juggler,Ravnica Allegiance,,,"0,12"
1,Bladebrand,Ravnica Allegiance,,,"0,12"
2,Carrion Imp,Ravnica Allegiance,,,"0,12"
2,Catacomb Crocodile,Ravnica Allegiance,,,"0,12"
1,Civic Stalwart,Ravnica Allegiance,,,"0,12"
2,Debtors' Transport,Ravnica Allegiance,,,"0,12"
1,Ghor-Clan Wrecker,Ravnica Allegiance,,,"0,12"
1,Grotesque Demise,Ravnica Allegiance,,,"0,12"
4,Rubble Slinger,Ravnica Allegiance,,,"0,12"
2,Rubblebelt Runner,Ravnica Allegiance,,,"0,12"
2,Senate Griffin,Ravnica Allegiance,,,"0,12"
1,Quench,Ravnica Allegiance,,,"0,15"
2,Ethereal Armor,Return to Ravnica,,,"0,60"
3,Grisly Salvage,Return to Ravnica,,,"0,37"
1,Electrickery,Return to Ravnica,,,"0,24"
7,Axebane Guardian,Return to Ravnica,,,"0,20"
5,Chronic Flooding,Return to Ravnica,,,"0,19"
12,Gatecreeper Vine,Return to Ravnica,,,"0,19"
2,Rootborn Defenses,Return to Ravnica,,,"0,18"
8,Goblin Electromancer,Return to Ravnica,,,"0,16"
5,Sundering Growth,Return to Ravnica,,,"0,16"
3,Swift Justice,Return to Ravnica,,,"0,16"
9,Mizzium Skin,Return to Ravnica,,,"0,15"
8,Drainpipe Vermin,Return to Ravnica,,,"0,14"
7,Skull Rend,Return to Ravnica,,,"0,14"
3,Trained Caracal,Return to Ravnica,,,"0,14"
15,Doorkeeper,Return to Ravnica,,,"0,14"
9,Dynacharge,Return to Ravnica,,,"0,14"
7,Eyes in the Skies,Return to Ravnica,,,"0,14"
5,Frostburn Weird,Return to Ravnica,,,"0,14"
5,Gore-House Chainwalker,Return to Ravnica,,,"0,14"
7,Inaction Injunction,Return to Ravnica,,,"0,14"
4,Knightly Valor,Return to Ravnica,,,"0,14"
6,Ogre Jailbreaker,Return to Ravnica,,,"0,14"
8,Perilous Shadow,Return to Ravnica,,,"0,14"
6,Selesnya Sentry,Return to Ravnica,,,"0,14"
8,Seller of Songbirds,Return to Ravnica,,,"0,14"
6,Spawn of Rix Maadi,Return to Ravnica,,,"0,14"
7,Terrus Wurm,Return to Ravnica,,,"0,14"
6,Trestle Troll,Return to Ravnica,,,"0,14"
8,Trostani's Judgment,Return to Ravnica,,,"0,14"
6,Urban Burgeoning,Return to Ravnica,,,"0,14"
4,Armory Guard,Return to Ravnica,,,"0,13"
3,Auger Spree,Return to Ravnica,,,"0,13"
4,Avenging Arrow,Return to Ravnica,,,"0,13"
6,Azorius Arrester,Return to Ravnica,,,"0,13"
3,Bellows Lizard,Return to Ravnica,,,"0,13"
5,Cancel,Return to Ravnica,,,"0,13"
10,Chorus of Might,Return to Ravnica,,,"0,13"
5,Coursers' Accord,Return to Ravnica,,,"0,13"
7,Crosstown Courier,Return to Ravnica,,,"0,13"
4,Dramatic Rescue,Return to Ravnica,,,"0,13"
8,Druid's Deliverance,Return to Ravnica,,,"0,13"
6,Golgari Longlegs,Return to Ravnica,,,"0,13"
7,Grim Roustabout,Return to Ravnica,,,"0,13"
4,Horncaller's Chant,Return to Ravnica,,,"0,13"
3,Hussar Patrol,Return to Ravnica,,,"0,13"
4,Keening Apparition,Return to Ravnica,,,"0,13"
11,Korozda Monitor,Return to Ravnica,,,"0,13"
9,Lobber Crew,Return to Ravnica,,,"0,13"
7,Rakdos Shred-Freak,Return to Ravnica,,,"0,13"
4,Rubbleback Rhino,Return to Ravnica,,,"0,13"
5,Runewing,Return to Ravnica,,,"0,13"
4,Search Warrant,Return to Ravnica,,,"0,13"
6,Sewer Shambler,Return to Ravnica,,,"0,13"
6,Sluiceway Scorpion,Return to Ravnica,,,"0,13"
5,Splatter Thug,Return to Ravnica,,,"0,13"
8,Stab Wound,Return to Ravnica,,,"0,13"
7,Stealer of Secrets,Return to Ravnica,,,"0,13"
7,Stonefare Crocodile,Return to Ravnica,,,"0,13"
6,Sunspire Griffin,Return to Ravnica,,,"0,13"
7,Survey the Wreckage,Return to Ravnica,,,"0,13"
5,Towering Indrik,Return to Ravnica,,,"0,13"
8,Vassal Soul,Return to Ravnica,,,"0,13"
15,Viashino Racketeer,Return to Ravnica,,,"0,13"
11,Voidwielder,Return to Ravnica,,,"0,13"
7,Aerial Predation,Return to Ravnica,,,"0,12"
11,Annihilating Fire,Return to Ravnica,,,"0,12"
14,Axebane Stag,Return to Ravnica,,,"0,12"
6,Batterhorn,Return to Ravnica,,,"0,12"
9,Catacomb Slug,Return to Ravnica,,,"0,12"
7,Centaur Healer,Return to Ravnica,,,"0,12"
7,Centaur's Herald,Return to Ravnica,,,"0,12"
6,Chemister's Trick,Return to Ravnica,,,"0,12"
7,Cobblebrute,Return to Ravnica,,,"0,12"
5,Common Bond,Return to Ravnica,,,"0,12"
4,Concordia Pegasus,Return to Ravnica,,,"0,12"
11,Cremate,Return to Ravnica,,,"0,12"
7,Daggerdrome Imp,Return to Ravnica,,,"0,12"
9,Dead Reveler,Return to Ravnica,,,"0,12"
6,Destroy the Evidence,Return to Ravnica,,,"0,12"
4,Deviant Glee,Return to Ravnica,,,"0,12"
11,Downsize,Return to Ravnica,,,"0,12"
11,Drudge Beetle,Return to Ravnica,,,"0,12"
6,Essence Backlash,Return to Ravnica,,,"0,12"
10,Explosive Impact,Return to Ravnica,,,"0,12"
5,Giant Growth,Return to Ravnica,,,"0,12"
9,Inspiration,Return to Ravnica,,,"0,12"
8,Isperia's Skywatch,Return to Ravnica,,,"0,12"
8,Launch Party,Return to Ravnica,,,"0,12"
9,Mind Rot,Return to Ravnica,,,"0,12"
15,Paralyzing Grasp,Return to Ravnica,,,"0,12"
9,Pursuit of Flight,Return to Ravnica,,,"0,12"
13,Tenement Crasher,Return to Ravnica,,,"0,12"
7,Tower Drake,Return to Ravnica,,,"0,12"
7,Traitorous Instinct,Return to Ravnica,,,"0,12"
3,Overgrown Battlement,Rise of the Eldrazi,,,"0,26"
1,Eland Umbra,Rise of the Eldrazi,,,"0,20"
1,Emrakul's Hatcher,Rise of the Eldrazi,,,"0,20"
1,Brood Birthing,Rise of the Eldrazi,,,"0,19"
1,Goblin Arsonist,Rise of the Eldrazi,,,"0,15"
1,Nema Siltlurker,Rise of the Eldrazi,,,"0,14"
1,Wrap in Flames,Rise of the Eldrazi,,,"0,14"
3,Orazca Relic,Rivals of Ixalan,,,"0,16"
3,Orazca Frillback,Rivals of Ixalan,,,"0,14"
2,Ichorclaw Myr,Scars of Mirrodin,,,"0,77"
1,Blight Mamba,Scars of Mirrodin,,,"0,39"
1,Wall of Tanglecord,Scars of Mirrodin,,,"0,24"
1,Grasp of Darkness,Scars of Mirrodin,,,"0,23"
1,Glint Hawk,Scars of Mirrodin,,,"0,22"
1,Corpse Cur,Scars of Mirrodin,,,"0,20"
1,Cystbearer,Scars of Mirrodin,,,"0,19"
1,Kuldotha Rebirth,Scars of Mirrodin,,,"0,19"
1,Gold Myr,Scars of Mirrodin,,,"0,18"
2,Contagious Nim,Scars of Mirrodin,,,"0,18"
2,Sylvok Lifestaff,Scars of Mirrodin,,,"0,17"
2,Auriok Sunchaser,Scars of Mirrodin,,,"0,16"
3,Blackcleave Goblin,Scars of Mirrodin,,,"0,16"
1,Copperhorn Scout,Scars of Mirrodin,,,"0,16"
1,Perilous Myr,Scars of Mirrodin,,,"0,16"
2,Melt Terrain,Scars of Mirrodin,,,"0,15"
1,Auriok Replica,Scars of Mirrodin,,,"0,14"
1,Bleak Coven Vampires,Scars of Mirrodin,,,"0,14"
1,Ferrovore,Scars of Mirrodin,,,"0,14"
1,Loxodon Wayfarer,Scars of Mirrodin,,,"0,14"
1,Molder Beast,Scars of Mirrodin,,,"0,14"
2,Moriok Replica,Scars of Mirrodin,,,"0,14"
1,Neurok Invisimancer,Scars of Mirrodin,,,"0,14"
1,Panic Spellbomb,Scars of Mirrodin,,,"0,14"
3,Relic Putrescence,Scars of Mirrodin,,,"0,14"
1,Saberclaw Golem,Scars of Mirrodin,,,"0,14"
1,Scrapdiver Serpent,Scars of Mirrodin,,,"0,14"
1,Shatter,Scars of Mirrodin,,,"0,14"
1,Snapsail Glider,Scars of Mirrodin,,,"0,14"
1,Sunspear Shikari,Scars of Mirrodin,,,"0,14"
1,Sylvok Replica,Scars of Mirrodin,,,"0,14"
1,Tumble Magnet,Scars of Mirrodin,,,"0,14"
1,Arrest,Scars of Mirrodin,,,"0,14"
1,Blade-Tribe Berserkers,Scars of Mirrodin,,,"0,14"
1,Bonds of Quicksilver,Scars of Mirrodin,,,"0,14"
1,Dross Hopper,Scars of Mirrodin,,,"0,14"
1,Echo Circlet,Scars of Mirrodin,,,"0,14"
1,Flight Spellbomb,Scars of Mirrodin,,,"0,14"
1,Glint Hawk Idol,Scars of Mirrodin,,,"0,14"
1,Golden Urn,Scars of Mirrodin,,,"0,14"
2,Necrogen Censer,Scars of Mirrodin,,,"0,14"
1,Oxidda Daredevil,Scars of Mirrodin,,,"0,14"
1,Psychic Miasma,Scars of Mirrodin,,,"0,14"
1,Salvage Scout,Scars of Mirrodin,,,"0,14"
1,Strider Harness,Scars of Mirrodin,,,"0,14"
1,Turn to Slag,Scars of Mirrodin,,,"0,14"
1,Vedalken Certarch,Scars of Mirrodin,,,"0,14"
2,Instill Infection,Scars of Mirrodin,,,"0,13"
3,Razorfield Thresher,Scars of Mirrodin,,,"0,13"
2,Vulshok Replica,Scars of Mirrodin,,,"0,13"
1,Scrapdiver Serpent,Scars of Mirrodin,,,"0,14"
1,Screeching Silcaw,Scars of Mirrodin,,,"0,14"
1,Bonds of Quicksilver,Scars of Mirrodin,,,"0,14"
1,Plated Seastrider,Scars of Mirrodin,,,"0,14"
1,Lumengrid Drake,Scars of Mirrodin,,,"0,13"
1,Guilty Conscience,Scourge,,,"0,19"
1,Treetop Scout,Scourge,,,"0,18"
1,Grizzly Bears,Seventh Edition,,,"0,17"
1,Sacred Nectar,Seventh Edition,,,"0,16"
1,Spined Wurm,Seventh Edition,,,"0,15"
1,Coral Merfolk,Seventh Edition,,,"0,14"
2,Lava Axe,Seventh Edition,,,"0,14"
1,Goblin Raider,Seventh Edition,,,"0,14"
1,Hill Giant,Seventh Edition,,,"0,14"
1,Thraben Inspector,Shadows over Innistrad,,,"0,53"
1,Chaplain's Blessing,Shadows over Innistrad,,,"0,19"
2,Rancid Rats,Shadows over Innistrad,,,"0,19"
2,Vessel of Nascency,Shadows over Innistrad,,,"0,18"
4,Bloodmad Vampire,Shadows over Innistrad,,,"0,18"
1,Pieces of the Puzzle,Shadows over Innistrad,,,"0,18"
1,Alms of the Vein,Shadows over Innistrad,,,"0,17"
1,Byway Courier,Shadows over Innistrad,,,"0,15"
1,Hinterland Logger,Shadows over Innistrad,,,"0,15"
1,Loam Dryad,Shadows over Innistrad,,,"0,15"
1,Rush of Adrenaline,Shadows over Innistrad,,,"0,15"
1,Senseless Rage,Shadows over Innistrad,,,"0,15"
2,Apothecary Geist,Shadows over Innistrad,,,"0,14"
1,Cathar's Companion,Shadows over Innistrad,,,"0,14"
1,Clip Wings,Shadows over Innistrad,,,"0,14"
2,Convicted Killer,Shadows over Innistrad,,,"0,14"
1,Farbog Revenant,Shadows over Innistrad,,,"0,14"
1,Gatstaf Arsonists,Shadows over Innistrad,,,"0,14"
1,Ghostly Wings,Shadows over Innistrad,,,"0,14"
1,Ghoulcaller's Accomplice,Shadows over Innistrad,,,"0,14"
1,Gone Missing,Shadows over Innistrad,,,"0,14"
1,Hound of the Farbogs,Shadows over Innistrad,,,"0,14"
1,Hulking Devil,Shadows over Innistrad,,,"0,14"
3,Inquisitor's Ox,Shadows over Innistrad,,,"0,14"
2,Kessig Dire Swine,Shadows over Innistrad,,,"0,14"
2,Militant Inquisitor,Shadows over Innistrad,,,"0,14"
1,Murderous Compulsion,Shadows over Innistrad,,,"0,14"
1,Nagging Thoughts,Shadows over Innistrad,,,"0,14"
3,Niblis of Dusk,Shadows over Innistrad,,,"0,14"
1,Puncturing Light,Shadows over Innistrad,,,"0,14"
2,Pyre Hound,Shadows over Innistrad,,,"0,14"
1,Reduce to Ashes,Shadows over Innistrad,,,"0,14"
1,Rottenheart Ghoul,Shadows over Innistrad,,,"0,14"
1,Sanguinary Mage,Shadows over Innistrad,,,"0,14"
1,Shard of Broken Glass,Shadows over Innistrad,,,"0,14"
1,Silburlind Snapper,Shadows over Innistrad,,,"0,14"
3,Stern Constable,Shadows over Innistrad,,,"0,14"
1,Structural Distortion,Shadows over Innistrad,,,"0,14"
2,Survive the Night,Shadows over Innistrad,,,"0,14"
1,Tormenting Voice,Shadows over Innistrad,,,"0,14"
2,True-Faith Censer,Shadows over Innistrad,,,"0,14"
2,Unruly Mob,Shadows over Innistrad,,,"0,14"
2,Vessel of Ephemera,Shadows over Innistrad,,,"0,14"
3,Vessel of Malignity,Shadows over Innistrad,,,"0,14"
1,Voldaren Duelist,Shadows over Innistrad,,,"0,14"
1,Wicker Witch,Shadows over Innistrad,,,"0,14"
2,Confront the Unknown,Shadows over Innistrad,,,"0,14"
2,Dauntless Cathar,Shadows over Innistrad,,,"0,14"
2,Devilthorn Fox,Shadows over Innistrad,,,"0,14"
1,Ember-Eye Wolf,Shadows over Innistrad,,,"0,14"
1,Explosive Apparatus,Shadows over Innistrad,,,"0,14"
3,Furtive Homunculus,Shadows over Innistrad,,,"0,14"
3,Inspiring Captain,Shadows over Innistrad,,,"0,14"
1,Jace's Scrutiny,Shadows over Innistrad,,,"0,14"
3,Magmatic Chasm,Shadows over Innistrad,,,"0,14"
2,Moldgraf Scavenger,Shadows over Innistrad,,,"0,14"
1,Moorland Drifter,Shadows over Innistrad,,,"0,14"
1,Quilled Wolf,Shadows over Innistrad,,,"0,14"
2,Rabid Bite,Shadows over Innistrad,,,"0,14"
1,Seagraf Skaab,Shadows over Innistrad,,,"0,14"
2,Stitched Mangler,Shadows over Innistrad,,,"0,14"
1,Stromkirk Mentor,Shadows over Innistrad,,,"0,14"
1,Throttle,Shadows over Innistrad,,,"0,14"
1,Vampire Noble,Shadows over Innistrad,,,"0,14"
2,Vessel of Paramnesia,Shadows over Innistrad,,,"0,14"
1,Catalog,Shadows over Innistrad,,,"0,13"
1,Deny Existence,Shadows over Innistrad,,,"0,13"
2,Etherium Sculptor,Shards of Alara,,,"0,27"
1,Oblivion Ring,Shards of Alara,,,"0,25"
1,Soul's Fire,Shards of Alara,,,"0,21"
2,Executioner's Capsule,Shards of Alara,,,"0,20"
2,Akrasan Squire,Shards of Alara,,,"0,19"
1,Sanctum Gargoyle,Shards of Alara,,,"0,17"
1,Kathari Screecher,Shards of Alara,,,"0,16"
1,Lush Growth,Shards of Alara,,,"0,16"
1,Rip-Clan Crasher,Shards of Alara,,,"0,16"
1,Viscera Dragger,Shards of Alara,,,"0,16"
2,Bloodthorn Taunter,Shards of Alara,,,"0,15"
3,Branching Bolt,Shards of Alara,,,"0,15"
1,Cancel,Shards of Alara,,,"0,15"
1,Cathartic Adept,Shards of Alara,,,"0,15"
1,Cavern Thoctar,Shards of Alara,,,"0,15"
5,Courier's Capsule,Shards of Alara,,,"0,15"
1,Court Archers,Shards of Alara,,,"0,15"
1,Excommunicate,Shards of Alara,,,"0,15"
3,Guardians of Akrasa,Shards of Alara,,,"0,15"
1,Mosstodon,Shards of Alara,,,"0,15"
1,Obelisk of Naya,Shards of Alara,,,"0,15"
1,Bloodpyre Elemental,Shards of Alara,,,"0,14"
1,Cloudheath Drake,Shards of Alara,,,"0,14"
1,Cylian Elf,Shards of Alara,,,"0,14"
1,Dispeller's Capsule,Shards of Alara,,,"0,14"
3,Glaze Fiend,Shards of Alara,,,"0,14"
1,Knight of the Skyward Eye,Shards of Alara,,,"0,14"
2,Marble Chalice,Shards of Alara,,,"0,14"
2,Onyx Goblet,Shards of Alara,,,"0,14"
2,Rakeclaw Gargantuan,Shards of Alara,,,"0,14"
1,Resounding Roar,Shards of Alara,,,"0,14"
1,Resounding Silence,Shards of Alara,,,"0,14"
2,Sighted-Caste Sorcerer,Shards of Alara,,,"0,14"
1,Thorn-Thrash Viashino,Shards of Alara,,,"0,14"
1,Volcanic Submersion,Shards of Alara,,,"0,14"
3,Welkin Guide,Shards of Alara,,,"0,14"
2,Dreg Reaver,Shards of Alara,,,"0,14"
2,Gift of the Gargantuan,Shards of Alara,,,"0,14"
1,Jhessian Lookout,Shards of Alara,,,"0,14"
3,Naturalize,Shards of Alara,,,"0,14"
2,Skeletal Kathari,Shards of Alara,,,"0,14"
2,Windwright Mage,Shards of Alara,,,"0,14"
1,Steelclad Serpent,Shards of Alara,,,"0,14"
1,Llanowar Elves,Tenth Edition,,,"0,22"
1,Giant Growth,Tenth Edition,,,"0,18"
1,Civic Wayfinder,Tenth Edition,,,"0,15"
1,Natural Spring,Tenth Edition,,,"0,15"
2,Elvish Berserker,Tenth Edition,,,"0,14"
1,Treetop Bracers,Tenth Edition,,,"0,14"
10,Aqueous Form,Theros,,Near Mint,"0,28"
2,Read the Bones,Theros,,Near Mint,"0,20"
6,Commune with the Gods,Theros,,Near Mint,"0,18"
11,Titan's Strength,Theros,,Near Mint,"0,18"
4,Lightning Strike,Theros,,Near Mint,"0,16"
4,Fleetfeather Sandals,Theros,,Near Mint,"0,15"
13,Akroan Crusader,Theros,,Near Mint,"0,14"
6,Breaching Hippocamp,Theros,,Near Mint,"0,14"
3,Nylea's Disciple,Theros,,Near Mint,"0,14"
8,Nylea's Presence,Theros,,Near Mint,"0,14"
2,Annul,Theros,,Near Mint,"0,14"
5,Battlewise Valor,Theros,,Near Mint,"0,14"
7,Cavalry Pegasus,Theros,,Near Mint,"0,14"
4,Dragon Mantle,Theros,,Near Mint,"0,14"
6,Fade into Antiquity,Theros,,Near Mint,"0,14"
7,Leonin Snarecaster,Theros,,Near Mint,"0,14"
1,Mnemonic Wall,Theros,,Near Mint,"0,14"
4,Setessan Griffin,Theros,,Near Mint,"0,14"
6,Voyaging Satyr,Theros,,Near Mint,"0,14"
4,Boon of Erebos,Theros,,Near Mint,"0,13"
4,Defend the Hearth,Theros,,Near Mint,"0,13"
3,Divine Verdict,Theros,,Near Mint,"0,13"
3,Ephara's Warden,Theros,,Near Mint,"0,13"
4,Guardians of Meletis,Theros,,Near Mint,"0,13"
12,Hopeful Eidolon,Theros,,Near Mint,"0,13"
3,Nimbus Naiad,Theros,,Near Mint,"0,13"
3,Observant Alseid,Theros,,Near Mint,"0,13"
3,Pheres-Band Centaurs,Theros,,Near Mint,"0,13"
5,Prescient Chimera,Theros,,Near Mint,"0,13"
8,Ray of Dissolution,Theros,,Near Mint,"0,13"
5,Satyr Hedonist,Theros,,Near Mint,"0,13"
7,Scholar of Athreos,Theros,,Near Mint,"0,13"
5,Sedge Scorpion,Theros,,Near Mint,"0,13"
2,Traveling Philosopher,Theros,,Near Mint,"0,13"
2,Wild Celebrants,Theros,,Near Mint,"0,13"
9,Wingsteed Rider,Theros,,Near Mint,"0,13"
10,Agent of Horizons,Theros,,Near Mint,"0,12"
2,Asphodel Wanderer,Theros,,Near Mint,"0,12"
7,Baleful Eidolon,Theros,,Near Mint,"0,12"
4,Benthic Giant,Theros,,Near Mint,"0,12"
3,Blood-Toll Harpy,Theros,,Near Mint,"0,12"
4,Borderland Minotaur,Theros,,Near Mint,"0,12"
4,Boulderfall,Theros,,Near Mint,"0,12"
8,Bronze Sable,Theros,,Near Mint,"0,12"
5,Cavern Lampad,Theros,,Near Mint,"0,12"
8,Chosen by Heliod,Theros,,Near Mint,"0,12"
7,Coastline Chimera,Theros,,Near Mint,"0,12"
7,Crackling Triton,Theros,,Near Mint,"0,12"
6,Deathbellow Raider,Theros,,Near Mint,"0,12"
4,Demolish,Theros,,Near Mint,"0,12"
7,Disciple of Phenax,Theros,,Near Mint,"0,12"
5,Fate Foretold,Theros,,Near Mint,"0,12"
7,Feral Invocation,Theros,,Near Mint,"0,12"
8,Fleshmad Steed,Theros,,Near Mint,"0,12"
8,Griptide,Theros,,Near Mint,"0,12"
5,Ill-Tempered Cyclops,Theros,,Near Mint,"0,12"
8,Lagonna-Band Elder,Theros,,Near Mint,"0,12"
8,Lash of the Whip,Theros,,Near Mint,"0,12"
7,Last Breath,Theros,,Near Mint,"0,12"
3,Leafcrown Dryad,Theros,,Near Mint,"0,12"
7,Loathsome Catoblepas,Theros,,Near Mint,"0,12"
4,Lost in a Labyrinth,Theros,,Near Mint,"0,12"
3,March of the Returned,Theros,,Near Mint,"0,12"
1,Messenger's Speed,Theros,,Near Mint,"0,12"
4,Minotaur Skullcleaver,Theros,,Near Mint,"0,12"
3,Nessian Asp,Theros,,Near Mint,"0,12"
8,Nessian Courser,Theros,,Near Mint,"0,12"
6,Omenspeaker,Theros,,Near Mint,"0,12"
8,Opaline Unicorn,Theros,,Near Mint,"0,12"
5,Pharika's Cure,Theros,,Near Mint,"0,12"
6,Portent of Betrayal,Theros,,Near Mint,"0,12"
5,Priest of Iroas,Theros,,Near Mint,"0,12"
5,Rage of Purphoros,Theros,,Near Mint,"0,12"
6,Returned Centaur,Theros,,Near Mint,"0,12"
5,Returned Phalanx,Theros,,Near Mint,"0,12"
3,Satyr Rambler,Theros,,Near Mint,"0,12"
6,Savage Surge,Theros,,Near Mint,"0,12"
1,Scourgemark,Theros,,Near Mint,"0,12"
7,Setessan Battle Priest,Theros,,Near Mint,"0,12"
2,Shredding Winds,Theros,,Near Mint,"0,12"
4,Silent Artisan,Theros,,Near Mint,"0,12"
4,Sip of Hemlock,Theros,,Near Mint,"0,12"
1,Spark Jolt,Theros,,Near Mint,"0,12"
6,Spearpoint Oread,Theros,,Near Mint,"0,12"
3,Staunch-Hearted Warrior,Theros,,Near Mint,"0,12"
3,Stymied Hopes,Theros,,Near Mint,"0,12"
2,Thassa's Bounty,Theros,,Near Mint,"0,12"
2,Time to Feed,Theros,,Near Mint,"0,12"
2,Traveler's Amulet,Theros,,Near Mint,"0,12"
5,Triton Shorethief,Theros,,Near Mint,"0,12"
9,Two-Headed Cerberus,Theros,,Near Mint,"0,12"
3,Vaporkin,Theros,,Near Mint,"0,12"
5,Viper's Kiss,Theros,,Near Mint,"0,12"
11,Voyage's End,Theros,,Near Mint,"0,12"
6,Vulpine Goliath,Theros,,Near Mint,"0,12"
6,Wavecrash Triton,Theros,,Near Mint,"0,12"
7,Yoked Ox,Theros,,Near Mint,"0,12"
5,Felhide Minotaur,Theros,,Near Mint,"0,08"
1,Borderland Minotaur,Theros,,Near Mint,"0,12"
1,Thrill of Possibility,Theros Beyond Death,,Near Mint,"0,40"
5,Omen of the Sea,Theros Beyond Death,,Near Mint,"0,20"
5,Sentinel's Eyes,Theros Beyond Death,,Near Mint,"0,18"
6,Altar of the Pantheon,Theros Beyond Death,,Near Mint,"0,16"
6,Karametra's Blessing,Theros Beyond Death,,Near Mint,"0,16"
6,Thrill of Possibility,Theros Beyond Death,,Near Mint,"0,16"
8,Eidolon of Philosophy,Theros Beyond Death,,Near Mint,"0,15"
3,Ilysian Caryatid,Theros Beyond Death,,Near Mint,"0,15"
4,Chain to Memory,Theros Beyond Death,,Near Mint,"0,14"
5,Infuriate,Theros Beyond Death,,Near Mint,"0,14"
3,Pharika's Libation,Theros Beyond Death,,Near Mint,"0,14"
5,Return to Nature,Theros Beyond Death,,Near Mint,"0,14"
4,Scavenging Harpy,Theros Beyond Death,,Near Mint,"0,14"
7,Sleep of the Dead,Theros Beyond Death,,Near Mint,"0,14"
6,Stampede Rider,Theros Beyond Death,,Near Mint,"0,14"
4,Thirst for Meaning,Theros Beyond Death,,Near Mint,"0,14"
4,Transcendent Envoy,Theros Beyond Death,,Near Mint,"0,14"
5,Aspect of Lamprey,Theros Beyond Death,,Near Mint,"0,14"
4,Aspect of Manticore,Theros Beyond Death,,Near Mint,"0,14"
3,Blight-Breath Catoblepas,Theros Beyond Death,,Near Mint,"0,14"
6,Brine Giant,Theros Beyond Death,,Near Mint,"0,14"
4,Bronze Sword,Theros Beyond Death,,Near Mint,"0,14"
7,Captivating Unicorn,Theros Beyond Death,,Near Mint,"0,14"
5,Daybreak Chimera,Theros Beyond Death,,Near Mint,"0,14"
6,Deny the Divine,Theros Beyond Death,,Near Mint,"0,14"
6,Discordant Piper,Theros Beyond Death,,Near Mint,"0,14"
5,Final Death,Theros Beyond Death,,Near Mint,"0,14"
5,Final Flare,Theros Beyond Death,,Near Mint,"0,14"
6,Flummoxed Cyclops,Theros Beyond Death,,Near Mint,"0,14"
7,Fruit of Tizerus,Theros Beyond Death,,Near Mint,"0,14"
6,Funeral Rites,Theros Beyond Death,,Near Mint,"0,14"
5,Gift of Strength,Theros Beyond Death,,Near Mint,"0,14"
1,Heliod's Pilgrim,Theros Beyond Death,,Near Mint,"0,14"
7,Hero of the Games,Theros Beyond Death,,Near Mint,"0,14"
4,Hero of the Pride,Theros Beyond Death,,Near Mint,"0,14"
4,Hyrax Tower Scout,Theros Beyond Death,,Near Mint,"0,14"
4,Incendiary Oracle,Theros Beyond Death,,Near Mint,"0,14"
6,Irreverent Revelers,Theros Beyond Death,,Near Mint,"0,14"
5,Memory Drain,Theros Beyond Death,,Near Mint,"0,14"
4,Nexus Wardens,Theros Beyond Death,,Near Mint,"0,14"
5,Nylea's Forerunner,Theros Beyond Death,,Near Mint,"0,14"
5,Nyxborn Brute,Theros Beyond Death,,Near Mint,"0,14"
5,Nyxborn Marauder,Theros Beyond Death,,Near Mint,"0,14"
3,Omen of the Dead,Theros Beyond Death,,Near Mint,"0,14"
4,Omen of the Forge,Theros Beyond Death,,Near Mint,"0,14"
6,Omen of the Sun,Theros Beyond Death,,Near Mint,"0,14"
7,Plummet,Theros Beyond Death,,Near Mint,"0,14"
5,Portent of Betrayal,Theros Beyond Death,,Near Mint,"0,14"
6,Rage-Scarred Berserker,Theros Beyond Death,,Near Mint,"0,14"
4,Revoke Existence,Theros Beyond Death,,Near Mint,"0,14"
7,Riptide Turtle,Theros Beyond Death,,Near Mint,"0,14"
7,Satyr's Cunning,Theros Beyond Death,,Near Mint,"0,14"
5,Setessan Skirmisher,Theros Beyond Death,,Near Mint,"0,14"
7,Setessan Training,Theros Beyond Death,,Near Mint,"0,14"
5,Skola Grovedancer,Theros Beyond Death,,Near Mint,"0,14"
7,Skophos Warleader,Theros Beyond Death,,Near Mint,"0,14"
5,Soulreaper of Mogis,Theros Beyond Death,,Near Mint,"0,14"
4,Stern Dismissal,Theros Beyond Death,,Near Mint,"0,14"
7,Sunmane Pegasus,Theros Beyond Death,,Near Mint,"0,14"
6,Temple Thief,Theros Beyond Death,,Near Mint,"0,14"
5,Towering-Wave Mystic,Theros Beyond Death,,Near Mint,"0,14"
6,Underworld Charger,Theros Beyond Death,,Near Mint,"0,14"
6,Underworld Rage-Hound,Theros Beyond Death,,Near Mint,"0,14"
4,Venomous Hierophant,Theros Beyond Death,,Near Mint,"0,14"
6,Vexing Gull,Theros Beyond Death,,Near Mint,"0,14"
6,Voracious Typhon,Theros Beyond Death,,Near Mint,"0,14"
7,Warbriar Blessing,Theros Beyond Death,,Near Mint,"0,14"
5,Wrap in Flames,Theros Beyond Death,,Near Mint,"0,14"
7,Dreadful Apathy,Theros Beyond Death,,Near Mint,"0,13"
4,Elite Instructor,Theros Beyond Death,,Near Mint,"0,13"
3,Flicker of Fate,Theros Beyond Death,,Near Mint,"0,13"
5,Glory Bearers,Theros Beyond Death,,Near Mint,"0,13"
5,Grim Physician,Theros Beyond Death,,Near Mint,"0,13"
5,Indomitable Will,Theros Beyond Death,,Near Mint,"0,13"
5,Inspire Awe,Theros Beyond Death,,Near Mint,"0,13"
6,Iroas's Blessing,Theros Beyond Death,,Near Mint,"0,13"
4,Lampad of Death's Vigil,Theros Beyond Death,,Near Mint,"0,13"
5,Loathsome Chimera,Theros Beyond Death,,Near Mint,"0,13"
8,Mire's Grasp,Theros Beyond Death,,Near Mint,"0,13"
7,Mogis's Favor,Theros Beyond Death,,Near Mint,"0,13"
5,Moss Viper,Theros Beyond Death,,Near Mint,"0,13"
4,Naiad of Hidden Coves,Theros Beyond Death,,Near Mint,"0,13"
4,Nylea's Huntmaster,Theros Beyond Death,,Near Mint,"0,13"
4,Nyxborn Colossus,Theros Beyond Death,,Near Mint,"0,13"
5,Nyxborn Courser,Theros Beyond Death,,Near Mint,"0,13"
5,Nyxborn Seaguard,Theros Beyond Death,,Near Mint,"0,13"
6,Omen of the Hunt,Theros Beyond Death,,Near Mint,"0,13"
5,Oread of Mountain's Blaze,Theros Beyond Death,,Near Mint,"0,13"
7,Pious Wayfarer,Theros Beyond Death,,Near Mint,"0,13"
7,Relentless Pursuit,Theros Beyond Death,,Near Mint,"0,13"
4,Rumbling Sentry,Theros Beyond Death,,Near Mint,"0,13"
7,Thaumaturge's Familiar,Theros Beyond Death,,Near Mint,"0,13"
4,Traveler's Amulet,Theros Beyond Death,,Near Mint,"0,13"
5,Triton Waverider,Theros Beyond Death,,Near Mint,"0,13"
6,Triumphant Surge,Theros Beyond Death,,Near Mint,"0,13"
5,Wings of Hubris,Theros Beyond Death,,Near Mint,"0,13"
6,Witness of Tomorrows,Theros Beyond Death,,Near Mint,"0,13"
6,Ichthyomorphosis,Theros Beyond Death,,Near Mint,"0,12"
6,Leonin of the Lost Pride,Theros Beyond Death,,Near Mint,"0,12"
6,Starlit Mantle,Theros Beyond Death,,Near Mint,"0,12"
2,Arena Trickster,Theros Beyond Death,,Near Mint,"0,08"
2,Gingerbrute,Throne of Eldraine,,Near Mint,"0,20"
1,Thrill of Possibility,Throne of Eldraine,,Near Mint,"0,17"
1,Crashing Drawbridge,Throne of Eldraine,,Near Mint,"0,16"
1,Didn't Say Please,Throne of Eldraine,,Near Mint,"0,16"
3,Merchant of the Vale // Haggle,Throne of Eldraine,,Near Mint,"0,16"
2,Corridor Monitor,Throne of Eldraine,,Near Mint,"0,15"
1,Golden Egg,Throne of Eldraine,,Near Mint,"0,15"
1,Signpost Scarecrow,Throne of Eldraine,,Near Mint,"0,15"
1,Witching Well,Throne of Eldraine,,Near Mint,"0,15"
3,Brimstone Trebuchet,Throne of Eldraine,,Near Mint,"0,14"
1,Embereth Paladin,Throne of Eldraine,,Near Mint,"0,14"
1,Forever Young,Throne of Eldraine,,Near Mint,"0,14"
1,Garenbrig Paladin,Throne of Eldraine,,Near Mint,"0,14"
1,Run Away Together,Throne of Eldraine,,Near Mint,"0,14"
4,Smitten Swordmaster // Curry Favor,Throne of Eldraine,,Near Mint,"0,14"
1,Vantress Paladin,Throne of Eldraine,,Near Mint,"0,14"
1,Youthful Knight,Throne of Eldraine,,Near Mint,"0,14"
2,Bake into a Pie,Throne of Eldraine,,Near Mint,"0,14"
2,Bartered Cow,Throne of Eldraine,,Near Mint,"0,14"
1,Beloved Princess,Throne of Eldraine,,Near Mint,"0,14"
1,Crystal Slipper,Throne of Eldraine,,Near Mint,"0,14"
2,Curious Pair // Treats to Share,Throne of Eldraine,,Near Mint,"0,14"
1,Eye Collector,Throne of Eldraine,,Near Mint,"0,14"
2,Fierce Witchstalker,Throne of Eldraine,,Near Mint,"0,14"
1,Flutterfox,Throne of Eldraine,,Near Mint,"0,14"
1,Giant's Skewer,Throne of Eldraine,,Near Mint,"0,14"
3,Insatiable Appetite,Throne of Eldraine,,Near Mint,"0,14"
1,Jousting Dummy,Throne of Eldraine,,Near Mint,"0,14"
3,Locthwain Gargoyle,Throne of Eldraine,,Near Mint,"0,14"
1,Locthwain Paladin,Throne of Eldraine,,Near Mint,"0,14"
2,Lost Legion,Throne of Eldraine,,Near Mint,"0,14"
1,Malevolent Noble,Throne of Eldraine,,Near Mint,"0,14"
1,Maraleaf Rider,Throne of Eldraine,,Near Mint,"0,14"
1,Mistford River Turtle,Throne of Eldraine,,Near Mint,"0,14"
1,Moonlit Scavengers,Throne of Eldraine,,Near Mint,"0,14"
1,Prophet of the Peak,Throne of Eldraine,,Near Mint,"0,14"
2,Raging Redcap,Throne of Eldraine,,Near Mint,"0,14"
1,Reaper of Night // Harvest Fear,Throne of Eldraine,,Near Mint,"0,14"
1,Rosethorn Halberd,Throne of Eldraine,,Near Mint,"0,14"
2,Searing Barrage,Throne of Eldraine,,Near Mint,"0,14"
3,Shining Armor,Throne of Eldraine,,Near Mint,"0,14"
1,Silverflame Squire // On Alert,Throne of Eldraine,,Near Mint,"0,14"
2,Tall as a Beanstalk,Throne of Eldraine,,Near Mint,"0,14"
1,Tempting Witch,Throne of Eldraine,,Near Mint,"0,14"
2,Tuinvale Treefolk // Oaken Boon,Throne of Eldraine,,Near Mint,"0,14"
1,Unexplained Vision,Throne of Eldraine,,Near Mint,"0,14"
1,Ardenvale Paladin,Throne of Eldraine,,Near Mint,"0,13"
1,Barge In,Throne of Eldraine,,Near Mint,"0,13"
2,Barrow Witches,Throne of Eldraine,,Near Mint,"0,13"
2,Blow Your House Down,Throne of Eldraine,,Near Mint,"0,13"
3,Festive Funeral,Throne of Eldraine,,Near Mint,"0,13"
2,Fortifying Provisions,Throne of Eldraine,,Near Mint,"0,13"
1,Lash of Thorns,Throne of Eldraine,,Near Mint,"0,13"
1,Memory Theft,Throne of Eldraine,,Near Mint,"0,13"
2,Prized Griffin,Throne of Eldraine,,Near Mint,"0,13"
2,Reave Soul,Throne of Eldraine,,Near Mint,"0,13"
1,Redcap Raiders,Throne of Eldraine,,Near Mint,"0,13"
2,Scalding Cauldron,Throne of Eldraine,,Near Mint,"0,13"
2,Silverflame Ritual,Throne of Eldraine,,Near Mint,"0,13"
1,Weapon Rack,Throne of Eldraine,,Near Mint,"0,13"
2,Wolf's Quarry,Throne of Eldraine,,Near Mint,"0,13"
1,Think Twice,Ultimate Masters,,,"0,18"
1,Totally Lost,War of the Spark,,,"0,12"
1,Disperse,Welcome Deck 2016,,,"0,18"
1,Borderland Marauder,Welcome Deck 2016,,,"0,12"
1,Marked by Honor,Welcome Deck 2016,,,"0,10"
4,Groundswell,Worldwake,,,"0,60"
1,Roiling Terrain,Worldwake,,,"0,20"
2,Akoum Battlesinger,Worldwake,,,"0,18"
3,Bull Rush,Worldwake,,,"0,14"
1,Grotag Thrasher,Worldwake,,,"0,14"
6,Goblin Roughrider,Worldwake,,,"0,13"
2,Vines of Vastwood,Zendikar,,,"0,77"
1,Highland Berserker,Zendikar,,,"0,16"
4,Sunspring Expedition,Zendikar,,,"0,14"
1,Surrakar Marauder,Zendikar,,,"0,14"
1,Slaughter Cry,Zendikar,,,"0,14"
1,Molten Ravager,Zendikar,,,"0,13"
1,Cancel,Zendikar,,,"0,14"